prod,tipo,ref,esc,fraccion
N_TOTAL_EXPORT,Urban,0.04332888692314893,Esc. 1,0.03363821975616877
N_TOTAL_EXPORT,Urban,0.04332888692314893,Esc. 2,0.04614477767559471
N_TOTAL_EXPORT,Urban,0.04332888692314893,Esc. 3,0.02892674365187937
N_TOTAL_EXPORT,Urban,0.04332888692314893,Esc. 4,0.016584432903709485
N_TOTAL_EXPORT,Urban,0.04332888692314893,Esc. 5,0.020069859136859096
N_TOTAL_EXPORT,Urban,0.04332888692314893,Esc. 6,0.0254304369212319
N_TOTAL_EXPORT,Urban,0.04332888692314893,Esc. 7,0.02850994140527708
N_TOTAL_EXPORT,Urban,0.04332888692314893,Esc. 8,0.022345426268760425
N_TOTAL_EXPORT,Urban,0.04332888692314893,Esc. 9,0.02101466361454238
N_TOTAL_EXPORT,Urban,0.04332888692314893,Esc. 10,0.03473691539970667
N_TOTAL_EXPORT,Grassland,0.1672610085642501,Esc. 1,0.07752268492668951
N_TOTAL_EXPORT,Grassland,0.1672610085642501,Esc. 2,0.16958370027854489
N_TOTAL_EXPORT,Grassland,0.1672610085642501,Esc. 3,0.06296386188835201
N_TOTAL_EXPORT,Grassland,0.1672610085642501,Esc. 4,0.05802528230270254
N_TOTAL_EXPORT,Grassland,0.1672610085642501,Esc. 5,0.06238254014560841
N_TOTAL_EXPORT,Grassland,0.1672610085642501,Esc. 6,0.07908071945297727
N_TOTAL_EXPORT,Grassland,0.1672610085642501,Esc. 7,0.084321297797255515
N_TOTAL_EXPORT,Grassland,0.1672610085642501,Esc. 8,0.06067764017125087
N_TOTAL_EXPORT,Grassland,0.1672610085642501,Esc. 9,0.06341644400891067
N_TOTAL_EXPORT,Grassland,0.1672610085642501,Esc. 10,0.09155201781730889
N_TOTAL_EXPORT,Forest,0.2426633932390044,Esc. 1,0.0945845595335525
N_TOTAL_EXPORT,Forest,0.2426633932390044,Esc. 2,0.2164315055672161
N_TOTAL_EXPORT,Forest,0.2426633932390044,Esc. 3,0.08791724336125271
N_TOTAL_EXPORT,Forest,0.2426633932390044,Esc. 4,0.09970443146456956
N_TOTAL_EXPORT,Forest,0.2426633932390044,Esc. 5,0.08741682320016896
N_TOTAL_EXPORT,Forest,0.2426633932390044,Esc. 6,0.09446257077305073
N_TOTAL_EXPORT,Forest,0.2426633932390044,Esc. 7,0.09561778629840278
N_TOTAL_EXPORT,Forest,0.2426633932390044,Esc. 8,0.08595513934239837
N_TOTAL_EXPORT,Forest,0.2426633932390044,Esc. 9,0.08536664643356756
N_TOTAL_EXPORT,Forest,0.2426633932390044,Esc. 10,0.108512608715991
N_TOTAL_EXPORT,Agriculture,0.5467467112735965,Esc. 1,0.7942545357835892
N_TOTAL_EXPORT,Agriculture,0.5467467112735965,Esc. 2,0.5678400164786443
N_TOTAL_EXPORT,Agriculture,0.5467467112735965,Esc. 3,0.820192151098516
N_TOTAL_EXPORT,Agriculture,0.5467467112735965,Esc. 4,0.8256858533290184
N_TOTAL_EXPORT,Agriculture,0.5467467112735965,Esc. 5,0.8301307775173635
N_TOTAL_EXPORT,Agriculture,0.5467467112735965,Esc. 6,0.8010262728527401
N_TOTAL_EXPORT,Agriculture,0.5467467112735965,Esc. 7,0.7915509744990646
N_TOTAL_EXPORT,Agriculture,0.5467467112735965,Esc. 8,0.8310217942175904
N_TOTAL_EXPORT,Agriculture,0.5467467112735965,Esc. 9,0.8302022459429794
N_TOTAL_EXPORT,Agriculture,0.5467467112735965,Esc. 10,0.7651984580669935
NDR_N,Urban,0.04332888692314893,Esc. 1,0.08551373128724506
NDR_N,Urban,0.04332888692314893,Esc. 2,0.0673492864280351
NDR_N,Urban,0.04332888692314893,Esc. 3,0.07639265881075538
NDR_N,Urban,0.04332888692314893,Esc. 4,0.05167449215365293
NDR_N,Urban,0.04332888692314893,Esc. 5,0.05757427690105747
NDR_N,Urban,0.04332888692314893,Esc. 6,0.05957140659004825
NDR_N,Urban,0.04332888692314893,Esc. 7,0.07731340241637966
NDR_N,Urban,0.04332888692314893,Esc. 8,0.05194405598328245
NDR_N,Urban,0.04332888692314893,Esc. 9,0.0490666709218712
NDR_N,Urban,0.04332888692314893,Esc. 10,0.08477207372829901
NDR_N,Grassland,0.1672610085642501,Esc. 1,0.11789184856598933
NDR_N,Grassland,0.1672610085642501,Esc. 2,0.18563931192889083
NDR_N,Grassland,0.1672610085642501,Esc. 3,0.0985613550745185
NDR_N,Grassland,0.1672610085642501,Esc. 4,0.09995000706759645
NDR_N,Grassland,0.1672610085642501,Esc. 5,0.10184112608220872
NDR_N,Grassland,0.1672610085642501,Esc. 6,0.11989496519489241
NDR_N,Grassland,0.1672610085642501,Esc. 7,0.12825485950433255
NDR_N,Grassland,0.1672610085642501,Esc. 8,0.08852643309151474
NDR_N,Grassland,0.1672610085642501,Esc. 9,0.09238310280657648
NDR_N,Grassland,0.1672610085642501,Esc. 10,0.13669824792447774
NDR_N,Forest,0.2426633932390044,Esc. 1,0.1282113300616371
NDR_N,Forest,0.2426633932390044,Esc. 2,0.24195473326067313
NDR_N,Forest,0.2426633932390044,Esc. 3,0.10789775586767437
NDR_N,Forest,0.2426633932390044,Esc. 4,0.1387793841814886
NDR_N,Forest,0.2426633932390044,Esc. 5,0.10974708755552048
NDR_N,Forest,0.2426633932390044,Esc. 6,0.11586258677064976
NDR_N,Forest,0.2426633932390044,Esc. 7,0.11403680109589331
NDR_N,Forest,0.2426633932390044,Esc. 8,0.12014886258151657
NDR_N,Forest,0.2426633932390044,Esc. 9,0.11919134811263161
NDR_N,Forest,0.2426633932390044,Esc. 10,0.1255599317657469
NDR_N,Agriculture,0.5467467112735965,Esc. 1,0.6683830900851285
NDR_N,Agriculture,0.5467467112735965,Esc. 2,0.5050566683824009
NDR_N,Agriculture,0.5467467112735965,Esc. 3,0.7171482302470518
NDR_N,Agriculture,0.5467467112735965,Esc. 4,0.709596116597262
NDR_N,Agriculture,0.5467467112735965,Esc. 5,0.7308375094612133
NDR_N,Agriculture,0.5467467112735965,Esc. 6,0.7046710414444096
NDR_N,Agriculture,0.5467467112735965,Esc. 7,0.6803949369833945
NDR_N,Agriculture,0.5467467112735965,Esc. 8,0.7393806483436862
NDR_N,Agriculture,0.5467467112735965,Esc. 9,0.7393588781589207
NDR_N,Agriculture,0.5467467112735965,Esc. 10,0.6529697465814763
P_SURFACE_EXPORT,Urban,0.04332888692314893,Esc. 1,0.0906632577450216
P_SURFACE_EXPORT,Urban,0.04332888692314893,Esc. 2,0.06662058910879137
P_SURFACE_EXPORT,Urban,0.04332888692314893,Esc. 3,0.07839631961250011
P_SURFACE_EXPORT,Urban,0.04332888692314893,Esc. 4,0.04504923603230488
P_SURFACE_EXPORT,Urban,0.04332888692314893,Esc. 5,0.05446048687103342
P_SURFACE_EXPORT,Urban,0.04332888692314893,Esc. 6,0.06995962692601429
P_SURFACE_EXPORT,Urban,0.04332888692314893,Esc. 7,0.07817139716848945
P_SURFACE_EXPORT,Urban,0.04332888692314893,Esc. 8,0.06049193034959228
P_SURFACE_EXPORT,Urban,0.04332888692314893,Esc. 9,0.05632738286047039
P_SURFACE_EXPORT,Urban,0.04332888692314893,Esc. 10,0.09368220222340656
P_SURFACE_EXPORT,Grassland,0.1672610085642501,Esc. 1,0.009707094234710386
P_SURFACE_EXPORT,Grassland,0.1672610085642501,Esc. 2,0.1725468511905669
P_SURFACE_EXPORT,Grassland,0.1672610085642501,Esc. 3,0.007195365938127034
P_SURFACE_EXPORT,Grassland,0.1672610085642501,Esc. 4,0.00677097571100584
P_SURFACE_EXPORT,Grassland,0.1672610085642501,Esc. 5,0.006970329330409675
P_SURFACE_EXPORT,Grassland,0.1672610085642501,Esc. 6,0.008854447473160615
P_SURFACE_EXPORT,Grassland,0.1672610085642501,Esc. 7,0.009439624643533153
P_SURFACE_EXPORT,Grassland,0.1672610085642501,Esc. 8,0.0068262047253315776
P_SURFACE_EXPORT,Grassland,0.1672610085642501,Esc. 9,0.007411215375224875
P_SURFACE_EXPORT,Grassland,0.1672610085642501,Esc. 10,0.010402803837099196
P_SURFACE_EXPORT,Forest,0.2426633932390044,Esc. 1,0.06009340929776129
P_SURFACE_EXPORT,Forest,0.2426633932390044,Esc. 2,0.18613598632394412
P_SURFACE_EXPORT,Forest,0.2426633932390044,Esc. 3,0.054984629370896626
P_SURFACE_EXPORT,Forest,0.2426633932390044,Esc. 4,0.06350831801146391
P_SURFACE_EXPORT,Forest,0.2426633932390044,Esc. 5,0.05556052642868328
P_SURFACE_EXPORT,Forest,0.2426633932390044,Esc. 6,0.06041372668178957
P_SURFACE_EXPORT,Forest,0.2426633932390044,Esc. 7,0.061353530086638276
P_SURFACE_EXPORT,Forest,0.2426633932390044,Esc. 8,0.054600698287040755
P_SURFACE_EXPORT,Forest,0.2426633932390044,Esc. 9,0.054759023267819146
P_SURFACE_EXPORT,Forest,0.2426633932390044,Esc. 10,0.07131327952012151
P_SURFACE_EXPORT,Agriculture,0.5467467112735965,Esc. 1,0.8395362387225067
P_SURFACE_EXPORT,Agriculture,0.5467467112735965,Esc. 2,0.5746965733766977
P_SURFACE_EXPORT,Agriculture,0.5467467112735965,Esc. 3,0.8594236850784762
P_SURFACE_EXPORT,Agriculture,0.5467467112735965,Esc. 4,0.8846714702452254
P_SURFACE_EXPORT,Agriculture,0.5467467112735965,Esc. 5,0.8830086573698737
P_SURFACE_EXPORT,Agriculture,0.5467467112735965,Esc. 6,0.8607721989190356
P_SURFACE_EXPORT,Agriculture,0.5467467112735965,Esc. 7,0.8510354481013391
P_SURFACE_EXPORT,Agriculture,0.5467467112735965,Esc. 8,0.8780811666380354
P_SURFACE_EXPORT,Agriculture,0.5467467112735965,Esc. 9,0.8815023784964856
P_SURFACE_EXPORT,Agriculture,0.5467467112735965,Esc. 10,0.8246017144193727
NDR_P,Urban,0.04332888692314893,Esc. 1,0.08731295536169564
NDR_P,Urban,0.04332888692314893,Esc. 2,0.06800925784569664
NDR_P,Urban,0.04332888692314893,Esc. 3,0.07802288889030025
NDR_P,Urban,0.04332888692314893,Esc. 4,0.05272657918365249
NDR_P,Urban,0.04332888692314893,Esc. 5,0.05873387351495516
NDR_P,Urban,0.04332888692314893,Esc. 6,0.06078518985607922
NDR_P,Urban,0.04332888692314893,Esc. 7,0.07889786648814669
NDR_P,Urban,0.04332888692314893,Esc. 8,0.05301157095952741
NDR_P,Urban,0.04332888692314893,Esc. 9,0.049961055150360534
NDR_P,Urban,0.04332888692314893,Esc. 10,0.086335733082961
NDR_P,Grassland,0.1672610085642501,Esc. 1,0.11768703188336911
NDR_P,Grassland,0.1672610085642501,Esc. 2,0.18573972756972962
NDR_P,Grassland,0.1672610085642501,Esc. 3,0.09841099577336267
NDR_P,Grassland,0.1672610085642501,Esc. 4,0.09986424034891475
NDR_P,Grassland,0.1672610085642501,Esc. 5,0.10174029042411192
NDR_P,Grassland,0.1672610085642501,Esc. 6,0.11976648317795512
NDR_P,Grassland,0.1672610085642501,Esc. 7,0.12806232642335064
NDR_P,Grassland,0.1672610085642501,Esc. 8,0.08844865842283453
NDR_P,Grassland,0.1672610085642501,Esc. 9,0.09232099777324376
NDR_P,Grassland,0.1672610085642501,Esc. 10,0.13649061665504678
NDR_P,Forest,0.2426633932390044,Esc. 1,0.12797230467185355
NDR_P,Forest,0.2426633932390044,Esc. 2,0.2419974562233791
NDR_P,Forest,0.2426633932390044,Esc. 3,0.10772191624743299
NDR_P,Forest,0.2426633932390044,Esc. 4,0.1386311160565554
NDR_P,Forest,0.2426633932390044,Esc. 5,0.10962047863370884
NDR_P,Forest,0.2426633932390044,Esc. 6,0.11572205209365725
NDR_P,Forest,0.2426633932390044,Esc. 7,0.11385580708284136
NDR_P,Forest,0.2426633932390044,Esc. 8,0.12002231036533428
NDR_P,Forest,0.2426633932390044,Esc. 9,0.11908733127186308
NDR_P,Forest,0.2426633932390044,Esc. 10,0.1253642495808418
NDR_P,Agriculture,0.5467467112735965,Esc. 1,0.6670277080830816
NDR_P,Agriculture,0.5467467112735965,Esc. 2,0.5042535583611947
NDR_P,Agriculture,0.5467467112735965,Esc. 3,0.7158441990889041
NDR_P,Agriculture,0.5467467112735965,Esc. 4,0.7087780644108773
NDR_P,Agriculture,0.5467467112735965,Esc. 5,0.7299053574272241
NDR_P,Agriculture,0.5467467112735965,Esc. 6,0.7037262748723084
NDR_P,Agriculture,0.5467467112735965,Esc. 7,0.6791840000056613
NDR_P,Agriculture,0.5467467112735965,Esc. 8,0.7385174602523038
NDR_P,Agriculture,0.5467467112735965,Esc. 9,0.7386306158045326
NDR_P,Agriculture,0.5467467112735965,Esc. 10,0.6518094006811505
