metric,tipo,max_d,esc
6,NC,0,1
0,LNK,0,1
6643782083.717364,SLC,0,1
1107323476.1037986,MSC,0,1
0.999952206331374,CCP,0,1
0.2413732377966536,LCP,0,1
NA,CPL,0,1
6643623318.31512,ECS,0,1
NA,AWF,0,1
0,IIC,0,1
5,NC,10,1
2,LNK,10,1
6643782483.3974285,SLC,10,1
1328788171.3245583,MSC,10,1
0.9999523266426537,CCP,10,1
0.24137326683796467,LCP,10,1
1,CPL,10,1
6643624117.656144,ECS,10,1
4608902285655.658,AWF,10,1
0.24137323766190327,IIC,10,1
2,NC,100,1
5,LNK,100,1
6643783882.277653,SLC,100,1
3321970428.3113956,MSC,100,1
0.9999527477321843,CCP,100,1
0.24137336848256608,LCP,100,1
1.6,CPL,100,1
6643626915.350084,ECS,100,1
165369604907401.16,AWF,100,1
0.2413732884842045,IIC,100,1
1,NC,1000,1
6,LNK,1000,1
6643940856.622791,SLC,1000,1
6643940856.622791,MSC,1000,1
1,CCP,1000,1
0.24138477446057552,LCP,1000,1
1.6666666666666667,CPL,1000,1
6643940856.622791,ECS,1000,1
1623584591135246.8,AWF,1000,1
0.24137899160726897,IIC,1000,1
1,NC,10000,1
8,LNK,10000,1
6643940856.622791,SLC,10000,1
6643940856.622791,MSC,10000,1
1,CCP,10000,1
0.24138477446057552,LCP,10000,1
1.8571428571428572,CPL,10000,1
6643940856.622791,ECS,10000,1
2057423083967451.8,AWF,10000,1
0.24137899644757485,IIC,10000,1
1,NC,1e+05,1
16,LNK,1e+05,1
6643940856.622791,SLC,1e+05,1
6643940856.622791,MSC,1e+05,1
1,CCP,1e+05,1
0.24138477446057552,LCP,1e+05,1
1.3333333333333333,CPL,1e+05,1
6643940856.622791,ECS,1e+05,1
2106800775695102.5,AWF,1e+05,1
0.2413789964475774,IIC,1e+05,1
6,NC,0,2
0,LNK,0,2
6643782083.717304,SLC,0,2
1107323476.1037884,MSC,0,2
0.9999522063313743,CCP,0,2
0.24137323779664924,LCP,0,2
NA,CPL,0,2
6643623318.315061,ECS,0,2
NA,AWF,0,2
0,IIC,0,2
5,NC,10,2
2,LNK,10,2
6643782483.397368,SLC,10,2
1328788171.324546,MSC,10,2
0.9999523266426539,CCP,10,2
0.2413732668379603,LCP,10,2
1,CPL,10,2
6643624117.656086,ECS,10,2
4608902285656.203,AWF,10,2
0.24137323766189894,IIC,10,2
2,NC,100,2
5,LNK,100,2
6643783882.277593,SLC,100,2
3321970428.311365,MSC,100,2
0.9999527477321848,CCP,100,2
0.24137336848256172,LCP,100,2
1.6,CPL,100,2
6643626915.350024,ECS,100,2
165369604907257.56,AWF,100,2
0.24137328848420014,IIC,100,2
1,NC,1000,2
6,LNK,1000,2
6643940856.62273,SLC,1000,2
6643940856.62273,MSC,1000,2
1,CCP,1000,2
0.24138477446057105,LCP,1000,2
1.6666666666666667,CPL,1000,2
6643940856.62273,ECS,1000,2
1623584591133576,AWF,1000,2
0.24137899160726461,IIC,1000,2
1,NC,10000,2
8,LNK,10000,2
6643940856.62273,SLC,10000,2
6643940856.62273,MSC,10000,2
1,CCP,10000,2
0.24138477446057105,LCP,10000,2
1.8571428571428572,CPL,10000,2
6643940856.62273,ECS,10000,2
2057423083965325.3,AWF,10000,2
0.2413789964475705,IIC,10000,2
1,NC,1e+05,2
16,LNK,1e+05,2
6643940856.62273,SLC,1e+05,2
6643940856.62273,MSC,1e+05,2
1,CCP,1e+05,2
0.24138477446057105,LCP,1e+05,2
1.3333333333333333,CPL,1e+05,2
6643940856.62273,ECS,1e+05,2
2106800775692924,AWF,1e+05,2
0.24137899644757305,IIC,1e+05,2
6,NC,0,3
0,LNK,0,3
6643782083.7173815,SLC,0,3
1107323476.1038013,MSC,0,3
0.9999522063313743,CCP,0,3
0.24137323779665484,LCP,0,3
NA,CPL,0,3
6643623318.315138,ECS,0,3
NA,AWF,0,3
0,IIC,0,3
5,NC,10,3
2,LNK,10,3
6643782483.397446,SLC,10,3
1328788171.3245616,MSC,10,3
0.9999523266426539,CCP,10,3
0.24137326683796592,LCP,10,3
1,CPL,10,3
6643624117.656162,ECS,10,3
4608902285658.766,AWF,10,3
0.24137323766190455,IIC,10,3
2,NC,100,3
5,LNK,100,3
6643783882.27767,SLC,100,3
3321970428.3114038,MSC,100,3
0.9999527477321848,CCP,100,3
0.24137336848256732,LCP,100,3
1.6,CPL,100,3
6643626915.3501005,ECS,100,3
165369604907126.56,AWF,100,3
0.24137328848420575,IIC,100,3
1,NC,1000,3
6,LNK,1000,3
6643940856.6228075,SLC,1000,3
6643940856.6228075,MSC,1000,3
1,CCP,1000,3
0.24138477446057666,LCP,1000,3
1.6666666666666667,CPL,1000,3
6643940856.622808,ECS,1000,3
1623584591132116,AWF,1000,3
0.24137899160727022,IIC,1000,3
1,NC,10000,3
8,LNK,10000,3
6643940856.6228075,SLC,10000,3
6643940856.6228075,MSC,10000,3
1,CCP,10000,3
0.24138477446057666,LCP,10000,3
1.8571428571428572,CPL,10000,3
6643940856.622808,ECS,10000,3
2057423083963469,AWF,10000,3
0.2413789964475761,IIC,10000,3
1,NC,1e+05,3
16,LNK,1e+05,3
6643940856.6228075,SLC,1e+05,3
6643940856.6228075,MSC,1e+05,3
1,CCP,1e+05,3
0.24138477446057666,LCP,1e+05,3
1.3333333333333333,CPL,1e+05,3
6643940856.622808,ECS,1e+05,3
2106800775691022.8,AWF,1e+05,3
0.24137899644757865,IIC,1e+05,3
6,NC,0,4
0,LNK,0,4
6643782083.717398,SLC,0,4
1107323476.1038039,MSC,0,4
0.9999522063313743,CCP,0,4
0.24137323779665598,LCP,0,4
NA,CPL,0,4
6643623318.315154,ECS,0,4
NA,AWF,0,4
0,IIC,0,4
5,NC,10,4
2,LNK,10,4
6643782483.397462,SLC,10,4
1328788171.3245647,MSC,10,4
0.9999523266426539,CCP,10,4
0.24137326683796712,LCP,10,4
1,CPL,10,4
6643624117.656178,ECS,10,4
4608902285658.805,AWF,10,4
0.24137323766190572,IIC,10,4
2,NC,100,4
5,LNK,100,4
6643783882.277686,SLC,100,4
3321970428.311412,MSC,100,4
0.9999527477321848,CCP,100,4
0.2413733684825685,LCP,100,4
1.6,CPL,100,4
6643626915.350118,ECS,100,4
165369604907358.88,AWF,100,4
0.24137328848420692,IIC,100,4
1,NC,1000,4
6,LNK,1000,4
6643940856.622824,SLC,1000,4
6643940856.622824,MSC,1000,4
1,CCP,1000,4
0.24138477446057788,LCP,1000,4
1.6666666666666667,CPL,1000,4
6643940856.622824,ECS,1000,4
1623584591134670.5,AWF,1000,4
0.2413789916072714,IIC,1000,4
1,NC,10000,4
8,LNK,10000,4
6643940856.622824,SLC,10000,4
6643940856.622824,MSC,10000,4
1,CCP,10000,4
0.24138477446057788,LCP,10000,4
1.8571428571428572,CPL,10000,4
6643940856.622824,ECS,10000,4
2057423083966715.5,AWF,10000,4
0.24137899644757727,IIC,10000,4
1,NC,1e+05,4
16,LNK,1e+05,4
6643940856.622824,SLC,1e+05,4
6643940856.622824,MSC,1e+05,4
1,CCP,1e+05,4
0.24138477446057788,LCP,1e+05,4
1.3333333333333333,CPL,1e+05,4
6643940856.622824,ECS,1e+05,4
2106800775694348.5,AWF,1e+05,4
0.24137899644757982,IIC,1e+05,4
6,NC,0,5
0,LNK,0,5
6643782083.71733,SLC,0,5
1107323476.1037927,MSC,0,5
0.9999522063313743,CCP,0,5
0.2413732377966511,LCP,0,5
NA,CPL,0,5
6643623318.315085,ECS,0,5
NA,AWF,0,5
0,IIC,0,5
5,NC,10,5
2,LNK,10,5
6643782483.397394,SLC,10,5
1328788171.324551,MSC,10,5
0.9999523266426539,CCP,10,5
0.2413732668379622,LCP,10,5
1,CPL,10,5
6643624117.656112,ECS,10,5
4608902285658.758,AWF,10,5
0.24137323766190083,IIC,10,5
2,NC,100,5
5,LNK,100,5
6643783882.277618,SLC,100,5
3321970428.311378,MSC,100,5
0.9999527477321848,CCP,100,5
0.24137336848256358,LCP,100,5
1.6,CPL,100,5
6643626915.35005,ECS,100,5
165369604907392.8,AWF,100,5
0.24137328848420203,IIC,100,5
1,NC,1000,5
6,LNK,1000,5
6643940856.622756,SLC,1000,5
6643940856.622756,MSC,1000,5
1,CCP,1000,5
0.24138477446057297,LCP,1000,5
1.6666666666666667,CPL,1000,5
6643940856.622756,ECS,1000,5
1623584591135046,AWF,1000,5
0.2413789916072665,IIC,1000,5
1,NC,10000,5
8,LNK,10000,5
6643940856.622756,SLC,10000,5
6643940856.622756,MSC,10000,5
1,CCP,10000,5
0.24138477446057297,LCP,10000,5
1.8571428571428572,CPL,10000,5
6643940856.622756,ECS,10000,5
2057423083967193.3,AWF,10000,5
0.24137899644757238,IIC,10000,5
1,NC,1e+05,5
16,LNK,1e+05,5
6643940856.622756,SLC,1e+05,5
6643940856.622756,MSC,1e+05,5
1,CCP,1e+05,5
0.24138477446057297,LCP,1e+05,5
1.3333333333333333,CPL,1e+05,5
6643940856.622756,ECS,1e+05,5
2106800775694837.3,AWF,1e+05,5
0.24137899644757493,IIC,1e+05,5
6,NC,0,6
0,LNK,0,6
6643782083.717421,SLC,0,6
1107323476.103808,MSC,0,6
0.999952206331374,CCP,0,6
0.24137323779665767,LCP,0,6
NA,CPL,0,6
6643623318.315175,ECS,0,6
NA,AWF,0,6
0,IIC,0,6
5,NC,10,6
2,LNK,10,6
6643782483.397485,SLC,10,6
1328788171.3245695,MSC,10,6
0.9999523266426537,CCP,10,6
0.24137326683796875,LCP,10,6
1,CPL,10,6
6643624117.656201,ECS,10,6
4608902285658.793,AWF,10,6
0.2413732376619074,IIC,10,6
2,NC,100,6
5,LNK,100,6
6643783882.277709,SLC,100,6
3321970428.311424,MSC,100,6
0.9999527477321843,CCP,100,6
0.24137336848257018,LCP,100,6
1.6,CPL,100,6
6643626915.35014,ECS,100,6
165369604907714.63,AWF,100,6
0.2413732884842086,IIC,100,6
1,NC,1000,6
6,LNK,1000,6
6643940856.622848,SLC,1000,6
6643940856.622848,MSC,1000,6
1,CCP,1000,6
0.24138477446057963,LCP,1000,6
1.6666666666666667,CPL,1000,6
6643940856.6228485,ECS,1000,6
1623584591138590.5,AWF,1000,6
0.24137899160727308,IIC,1000,6
1,NC,10000,6
8,LNK,10000,6
6643940856.622848,SLC,10000,6
6643940856.622848,MSC,10000,6
1,CCP,10000,6
0.24138477446057963,LCP,10000,6
1.8571428571428572,CPL,10000,6
6643940856.6228485,ECS,10000,6
2057423083971698.8,AWF,10000,6
0.24137899644757901,IIC,10000,6
1,NC,1e+05,6
16,LNK,1e+05,6
6643940856.622848,SLC,1e+05,6
6643940856.622848,MSC,1e+05,6
1,CCP,1e+05,6
0.24138477446057963,LCP,1e+05,6
1.3333333333333333,CPL,1e+05,6
6643940856.6228485,ECS,1e+05,6
2106800775699452.5,AWF,1e+05,6
0.2413789964475815,IIC,1e+05,6
6,NC,0,7
0,LNK,0,7
6643782083.717439,SLC,0,7
1107323476.1038108,MSC,0,7
0.9999522063313743,CCP,0,7
0.241373237796659,LCP,0,7
NA,CPL,0,7
6643623318.315195,ECS,0,7
NA,AWF,0,7
0,IIC,0,7
5,NC,10,7
2,LNK,10,7
6643782483.397503,SLC,10,7
1328788171.324573,MSC,10,7
0.9999523266426539,CCP,10,7
0.24137326683797006,LCP,10,7
1,CPL,10,7
6643624117.65622,ECS,10,7
4608902285658.806,AWF,10,7
0.2413732376619087,IIC,10,7
2,NC,100,7
5,LNK,100,7
6643783882.277727,SLC,100,7
3321970428.3114324,MSC,100,7
0.9999527477321848,CCP,100,7
0.2413733684825715,LCP,100,7
1.6,CPL,100,7
6643626915.350159,ECS,100,7
165369604907320.8,AWF,100,7
0.2413732884842099,IIC,100,7
1,NC,1000,7
6,LNK,1000,7
6643940856.622865,SLC,1000,7
6643940856.622865,MSC,1000,7
1,CCP,1000,7
0.24138477446058088,LCP,1000,7
1.6666666666666667,CPL,1000,7
6643940856.622864,ECS,1000,7
1623584591134253.3,AWF,1000,7
0.24137899160727438,IIC,1000,7
1,NC,10000,7
8,LNK,10000,7
6643940856.622865,SLC,10000,7
6643940856.622865,MSC,10000,7
1,CCP,10000,7
0.24138477446058088,LCP,10000,7
1.8571428571428572,CPL,10000,7
6643940856.622864,ECS,10000,7
2057423083966185.8,AWF,10000,7
0.24137899644758026,IIC,10000,7
1,NC,1e+05,7
16,LNK,1e+05,7
6643940856.622865,SLC,1e+05,7
6643940856.622865,MSC,1e+05,7
1,CCP,1e+05,7
0.24138477446058088,LCP,1e+05,7
1.3333333333333333,CPL,1e+05,7
6643940856.622864,ECS,1e+05,7
2106800775693805.3,AWF,1e+05,7
0.24137899644758282,IIC,1e+05,7
6,NC,0,8
0,LNK,0,8
6643782083.717417,SLC,0,8
1107323476.1038072,MSC,0,8
0.999952206331374,CCP,0,8
0.24137323779665742,LCP,0,8
NA,CPL,0,8
6643623318.315172,ECS,0,8
NA,AWF,0,8
0,IIC,0,8
5,NC,10,8
2,LNK,10,8
6643782483.397481,SLC,10,8
1328788171.3245687,MSC,10,8
0.9999523266426537,CCP,10,8
0.24137326683796848,LCP,10,8
1,CPL,10,8
6643624117.656197,ECS,10,8
4608902285656.253,AWF,10,8
0.2413732376619071,IIC,10,8
2,NC,100,8
5,LNK,100,8
6643783882.277705,SLC,100,8
3321970428.311422,MSC,100,8
0.9999527477321843,CCP,100,8
0.2413733684825699,LCP,100,8
1.6,CPL,100,8
6643626915.350136,ECS,100,8
165369604907493.75,AWF,100,8
0.2413732884842083,IIC,100,8
1,NC,1000,8
6,LNK,1000,8
6643940856.622844,SLC,1000,8
6643940856.622844,MSC,1000,8
1,CCP,1000,8
0.24138477446057935,LCP,1000,8
1.6666666666666667,CPL,1000,8
6643940856.622844,ECS,1000,8
1623584591136176.8,AWF,1000,8
0.24137899160727277,IIC,1000,8
1,NC,10000,8
8,LNK,10000,8
6643940856.622844,SLC,10000,8
6643940856.622844,MSC,10000,8
1,CCP,10000,8
0.24138477446057935,LCP,10000,8
1.8571428571428572,CPL,10000,8
6643940856.622844,ECS,10000,8
2057423083968631,AWF,10000,8
0.24137899644757865,IIC,10000,8
1,NC,1e+05,8
16,LNK,1e+05,8
6643940856.622844,SLC,1e+05,8
6643940856.622844,MSC,1e+05,8
1,CCP,1e+05,8
0.24138477446057935,LCP,1e+05,8
1.3333333333333333,CPL,1e+05,8
6643940856.622844,ECS,1e+05,8
2106800775696310,AWF,1e+05,8
0.2413789964475812,IIC,1e+05,8
6,NC,0,9
0,LNK,0,9
6643782083.717498,SLC,0,9
1107323476.1038206,MSC,0,9
0.9999522063313743,CCP,0,9
0.2413732377966633,LCP,0,9
NA,CPL,0,9
6643623318.315254,ECS,0,9
NA,AWF,0,9
0,IIC,0,9
5,NC,10,9
2,LNK,10,9
6643782483.397562,SLC,10,9
1328788171.3245847,MSC,10,9
0.9999523266426539,CCP,10,9
0.24137326683797436,LCP,10,9
1,CPL,10,9
6643624117.65628,ECS,10,9
4608902285659.405,AWF,10,9
0.24137323766191301,IIC,10,9
2,NC,100,9
5,LNK,100,9
6643783882.277786,SLC,100,9
3321970428.311462,MSC,100,9
0.9999527477321848,CCP,100,9
0.2413733684825758,LCP,100,9
1.6,CPL,100,9
6643626915.350218,ECS,100,9
165369604907332.66,AWF,100,9
0.24137328848421422,IIC,100,9
1,NC,1000,9
6,LNK,1000,9
6643940856.622924,SLC,1000,9
6643940856.622924,MSC,1000,9
1,CCP,1000,9
0.24138477446058512,LCP,1000,9
1.6666666666666667,CPL,1000,9
6643940856.622924,ECS,1000,9
1623584591134294,AWF,1000,9
0.2413789916072787,IIC,1000,9
1,NC,10000,9
8,LNK,10000,9
6643940856.622924,SLC,10000,9
6643940856.622924,MSC,10000,9
1,CCP,10000,9
0.24138477446058512,LCP,10000,9
1.8571428571428572,CPL,10000,9
6643940856.622924,ECS,10000,9
2057423083966234.3,AWF,10000,9
0.24137899644758457,IIC,10000,9
1,NC,1e+05,9
16,LNK,1e+05,9
6643940856.622924,SLC,1e+05,9
6643940856.622924,MSC,1e+05,9
1,CCP,1e+05,9
0.24138477446058512,LCP,1e+05,9
1.3333333333333333,CPL,1e+05,9
6643940856.622924,ECS,1e+05,9
2106800775693855.3,AWF,1e+05,9
0.24137899644758712,IIC,1e+05,9
6,NC,0,10
0,LNK,0,10
6643782083.717447,SLC,0,10
1107323476.1038122,MSC,0,10
0.9999522063313743,CCP,0,10
0.2413732377966596,LCP,0,10
NA,CPL,0,10
6643623318.315204,ECS,0,10
NA,AWF,0,10
0,IIC,0,10
5,NC,10,10
2,LNK,10,10
6643782483.3975115,SLC,10,10
1328788171.3245747,MSC,10,10
0.9999523266426539,CCP,10,10
0.24137326683797072,LCP,10,10
1,CPL,10,10
6643624117.656229,ECS,10,10
4608902285656.302,AWF,10,10
0.24137323766190932,IIC,10,10
2,NC,100,10
5,LNK,100,10
6643783882.277736,SLC,100,10
3321970428.3114367,MSC,100,10
0.9999527477321848,CCP,100,10
0.24137336848257207,LCP,100,10
1.6,CPL,100,10
6643626915.350167,ECS,100,10
165369604907315.38,AWF,100,10
0.24137328848421055,IIC,100,10
1,NC,1000,10
6,LNK,1000,10
6643940856.622873,SLC,1000,10
6643940856.622873,MSC,1000,10
1,CCP,1000,10
0.24138477446058146,LCP,1000,10
1.6666666666666667,CPL,1000,10
6643940856.622873,ECS,1000,10
1623584591134208.3,AWF,1000,10
0.24137899160727502,IIC,1000,10
1,NC,10000,10
8,LNK,10000,10
6643940856.622873,SLC,10000,10
6643940856.622873,MSC,10000,10
1,CCP,10000,10
0.24138477446058146,LCP,10000,10
1.8571428571428572,CPL,10000,10
6643940856.622873,ECS,10000,10
2057423083966128.8,AWF,10000,10
0.24137899644758087,IIC,10000,10
1,NC,1e+05,10
16,LNK,1e+05,10
6643940856.622873,SLC,1e+05,10
6643940856.622873,MSC,1e+05,10
1,CCP,1e+05,10
0.24138477446058146,LCP,1e+05,10
1.3333333333333333,CPL,1e+05,10
6643940856.622873,ECS,1e+05,10
2106800775693746.8,AWF,1e+05,10
0.24137899644758343,IIC,1e+05,10
