layer,level,class,id,metric,value
1,class,10,NA,ai,92.82580947201228
1,class,20,NA,ai,86.22203198256206
1,class,30,NA,ai,94.5117383898546
1,class,40,NA,ai,98.83730935102781
1,class,50,NA,ai,92.4199624742021
1,class,60,NA,ai,80.21170373327013
1,class,80,NA,ai,95.5531057788401
1,class,10,NA,area_mn,2.425928760894278
1,class,20,NA,area_mn,0.8513456065457132
1,class,30,NA,area_mn,3.5175422380153036
1,class,40,NA,area_mn,29.537378940526487
1,class,50,NA,area_mn,1.8816863692769905
1,class,60,NA,area_mn,0.3663167146053052
1,class,80,NA,area_mn,3.153644617380026
1,class,10,NA,ca,64020.259999999995
1,class,20,NA,ca,28717.59
1,class,30,NA,ca,161353.18000000008
1,class,40,NA,ca,363546.06
1,class,50,NA,ca,28810.5
1,class,60,NA,ca,16046.869999999997
1,class,80,NA,ca,2431.46
1,class,10,NA,cai_mn,24.908672039943735
1,class,20,NA,cai_mn,18.0449368934356
1,class,30,NA,cai_mn,17.76243508595126
1,class,40,NA,cai_mn,17.205509978551255
1,class,50,NA,cai_mn,15.17280685252728
1,class,60,NA,cai_mn,14.29748007424844
1,class,80,NA,cai_mn,29.7177450519761
1,class,10,NA,circle_mn,0.5209685091505216
1,class,20,NA,circle_mn,0.5051942440291833
1,class,30,NA,circle_mn,0.5058448429365946
1,class,40,NA,circle_mn,0.49712789127786877
1,class,50,NA,circle_mn,0.5111799379262022
1,class,60,NA,circle_mn,0.49380591282709657
1,class,80,NA,circle_mn,0.5644078389134025
1,class,10,NA,clumpy,0.9206147394737884
1,class,20,NA,clumpy,0.8560011300115248
1,class,30,NA,clumpy,0.9275320701369457
1,class,40,NA,clumpy,0.974347882786752
1,class,50,NA,clumpy,0.9207665265294828
1,class,60,NA,clumpy,0.7972233638859519
1,class,80,NA,clumpy,0.9553678497002461
1,class,10,NA,cohesion,99.43964029503002
1,class,20,NA,cohesion,97.50804329521866
1,class,30,NA,cohesion,99.91838469929412
1,class,40,NA,cohesion,99.98019711149809
1,class,50,NA,cohesion,99.76679726311383
1,class,60,NA,cohesion,93.2867260996798
1,class,80,NA,cohesion,98.41091642761995
1,class,10,NA,contig_mn,0.6748957947080769
1,class,20,NA,contig_mn,0.6360575527925489
1,class,30,NA,contig_mn,0.6341053116048069
1,class,40,NA,contig_mn,0.6303128136762931
1,class,50,NA,contig_mn,0.6221041797950024
1,class,60,NA,contig_mn,0.6147381027374987
1,class,80,NA,contig_mn,0.7006474455718158
1,class,10,NA,core_mn,1.8322648730579765
1,class,20,NA,core_mn,0.4696570022530535
1,class,30,NA,core_mn,2.8592313226221355
1,class,40,NA,core_mn,28.311862203444914
1,class,50,NA,core_mn,1.4032003135000979
1,class,60,NA,core_mn,0.1418817057024152
1,class,80,NA,core_mn,2.6608430609597926
1,class,10,NA,cpland,7.272008587061854
1,class,20,NA,cpland,2.3825917329256785
1,class,30,NA,cpland,19.724874013032917
1,class,40,NA,cpland,52.40619887400392
1,class,50,NA,cpland,3.2310967814279237
1,class,60,NA,cpland,0.9347311953187211
1,class,80,NA,cpland,0.30853211437448574
1,class,10,NA,dcad,4.353116509580499
1,class,20,NA,dcad,5.6573219464808995
1,class,30,NA,dcad,7.995477150296688
1,class,40,NA,dcad,2.2370913138714776
1,class,50,NA,dcad,2.6017935952925417
1,class,60,NA,dcad,6.401765778659979
1,class,80,NA,dcad,0.1368573509662551
1,class,10,NA,dcore_mn,1.096816976127321
1,class,20,NA,dcore_mn,1.1151725364638918
1,class,30,NA,dcore_mn,1.158989339669944
1,class,40,NA,dcore_mn,1.2085635359116023
1,class,50,NA,dcore_mn,1.1299066030958134
1,class,60,NA,dcore_mn,0.9717162032598274
1,class,80,NA,dcore_mn,1.1802853437094682
1,class,10,NA,division,0.9995985871060441
1,class,20,NA,division,0.999995060361046
1,class,30,NA,division,0.9831644855087558
1,class,40,NA,division,0.8372034005327589
1,class,50,NA,division,0.9993170171035931
1,class,60,NA,division,0.9999996375310132
1,class,80,NA,division,0.9999950450585929
1,class,10,NA,ed,27.663397450350576
1,class,20,NA,ed,23.860643002155804
1,class,30,NA,ed,53.08249977681728
1,class,40,NA,ed,24.941334818170436
1,class,50,NA,ed,13.167196129156773
1,class,60,NA,ed,19.09439776388926
1,class,80,NA,ed,0.6330479642002831
1,class,10,NA,frac_mn,1.0457231367407105
1,class,20,NA,frac_mn,1.04404662435412
1,class,30,NA,frac_mn,1.0424141898538926
1,class,40,NA,frac_mn,1.0387446734720263
1,class,50,NA,frac_mn,1.0416682128510601
1,class,60,NA,frac_mn,1.0368902896396115
1,class,80,NA,frac_mn,1.0556942333747117
1,class,10,NA,gyrate_mn,36.098479643903524
1,class,20,NA,gyrate_mn,27.01895862190868
1,class,30,NA,gyrate_mn,27.851991945691317
1,class,40,NA,gyrate_mn,29.801549554559617
1,class,50,NA,gyrate_mn,24.879330860168803
1,class,60,NA,gyrate_mn,21.62747509592417
1,class,80,NA,gyrate_mn,45.23785970293271
1,class,10,NA,iji,83.25142374579755
1,class,20,NA,iji,59.142569871829174
1,class,30,NA,iji,86.91110868405777
1,class,40,NA,iji,68.9801071936509
1,class,50,NA,iji,84.68811840035937
1,class,60,NA,iji,66.71303059925962
1,class,80,NA,iji,87.16176009946308
1,class,10,NA,lpi,1.917330881010024
1,class,20,NA,lpi,0.1040958066426408
1,class,30,NA,lpi,12.820518412036044
1,class,40,NA,lpi,38.49146232711159
1,class,50,NA,lpi,2.592550460358052
1,class,60,NA,lpi,0.018015540738733734
1,class,80,NA,lpi,0.22192397011685164
1,class,10,NA,lsi,182.43133768030035
1,class,20,NA,lsi,234.29587020648967
1,class,30,NA,lsi,221.39531989046552
1,class,40,NA,lsi,71.09229621029937
1,class,50,NA,lsi,129.57496318114875
1,class,60,NA,lsi,251.4258089976322
1,class,80,NA,lsi,22.865248226950353
1,class,10,NA,mesh,266.9098378135118
1,class,20,NA,mesh,3.2844939759605123
1,class,30,NA,mesh,11194.369961763869
1,class,40,NA,mesh,108247.67867362674
1,class,50,NA,mesh,454.1330307376199
1,class,60,NA,mesh,0.2410150245007746
1,class,80,NA,mesh,3.2946689736504817
1,class,10,NA,ndca,28945
1,class,20,NA,ndca,37617
1,class,30,NA,ndca,53164
1,class,40,NA,ndca,14875
1,class,50,NA,ndca,17300
1,class,60,NA,ndca,42567
1,class,80,NA,ndca,910
1,class,10,NA,nlsi,0.07174190527987714
1,class,20,NA,nlsi,0.1377796801743794
1,class,30,NA,nlsi,0.05488261610145394
1,class,40,NA,nlsi,0.013828962660509939
1,class,50,NA,nlsi,0.075800375257979
1,class,60,NA,nlsi,0.19788296266729866
1,class,80,NA,nlsi,0.04446894221159889
1,class,10,NA,np,26390
1,class,20,NA,np,33732
1,class,30,NA,np,45871
1,class,40,NA,np,12308
1,class,50,NA,np,15311
1,class,60,NA,np,43806
1,class,80,NA,np,771
1,class,10,NA,pafrac,1.382033878990926
1,class,20,NA,pafrac,1.487250444268944
1,class,30,NA,pafrac,1.4503534603097321
1,class,40,NA,pafrac,1.4347415012726876
1,class,50,NA,pafrac,1.532123630362882
1,class,60,NA,pafrac,1.5149093881411613
1,class,80,NA,pafrac,1.3576002759154264
1,class,10,NA,para_mn,0.10584927143243925
1,class,20,NA,para_mn,0.11915757061364268
1,class,30,NA,para_mn,0.11978970494661258
1,class,40,NA,para_mn,0.12105225730930473
1,class,50,NA,para_mn,0.12374211028554219
1,class,60,NA,para_mn,0.1263128461157093
1,class,80,NA,para_mn,0.09729340691409392
1,class,10,NA,pd,3.968863178021398
1,class,20,NA,pd,5.073046332740348
1,class,30,NA,pd,6.898663237552843
1,class,40,NA,pd,1.8510332699919425
1,class,50,NA,pd,2.3026625281805844
1,class,60,NA,pd,6.588102325744803
1,class,80,NA,pd,0.11595276658789305
1,class,10,NA,pladj,92.78911863213301
1,class,20,NA,pladj,86.17114110202144
1,class,30,NA,pladj,94.48820903312844
1,class,40,NA,pladj,98.8209169424089
1,class,50,NA,pladj,92.36550910258413
1,class,60,NA,pladj,80.14837161390352
1,class,80,NA,pladj,95.35916692028657
1,class,10,NA,pland,9.628179331616368
1,class,20,NA,pland,4.318915707181335
1,class,30,NA,pland,24.266339323935526
1,class,40,NA,pland,54.67467112727385
1,class,50,NA,pland,4.332888692322296
1,class,60,NA,pland,2.413331999450404
1,class,80,NA,pland,0.3656738182202312
1,class,10,NA,shape_mn,1.3043477181098184
1,class,20,NA,shape_mn,1.2945571208915072
1,class,30,NA,shape_mn,1.2756759977494931
1,class,40,NA,shape_mn,1.2443813941855615
1,class,50,NA,shape_mn,1.264361190288019
1,class,60,NA,shape_mn,1.2218316610758224
1,class,80,NA,shape_mn,1.353955651405511
1,class,10,NA,split,2491.200494695063
1,class,20,NA,split,202443.94566306053
1,class,30,NA,split,59.39824414157818
1,class,40,NA,split,6.142634448585185
1,class,50,NA,split,1464.16550877174
1,class,60,NA,split,2758856.7201455217
1,class,80,NA,split,201818.73363236975
1,class,10,NA,tca,48353.47
1,class,20,NA,tca,15842.47
1,class,30,NA,tca,131155.79999999996
1,class,40,NA,tca,348462.39999999997
1,class,50,NA,tca,21484.399999999998
1,class,60,NA,tca,6215.269999999999
1,class,80,NA,tca,2051.51
1,class,10,NA,te,18394110
1,class,20,NA,te,15865560
1,class,30,NA,te,35295930
1,class,40,NA,te,16584140
1,class,50,NA,te,8755210
1,class,60,NA,te,12696360
1,class,80,NA,te,420930
