metric,value,dependencia_terreno,tipo
ai,93.0357142375311,0.1,Grassland
ai,93.94458016746448,0.1,Forest
ai,97.70664333993932,0.1,Agriculture
ai,89.6617034558985,0.1,Urban
area_mn,0.7380804735769796,0.1,Grassland
area_mn,3.5175422380153036,0.1,Forest
area_mn,29.537378940526484,0.1,Agriculture
area_mn,1.8816863692769903,0.1,Urban
ca,111216.17999999986,0.1,Grassland
ca,161353.18000000005,0.1,Forest
ca,363546.06,0.1,Agriculture
ca,28810.5,0.1,Urban
cai_mn,0.24182976138851184,0.1,Grassland
cai_mn,7.909000951378174,0.1,Forest
cai_mn,7.637295231608821,0.1,Agriculture
cai_mn,6.8147651624972125,0.1,Urban
circle_mn,0.4365887995246509,0.1,Grassland
circle_mn,0.6751143799960334,0.1,Forest
circle_mn,0.6748190039908587,0.1,Agriculture
circle_mn,0.6786460195174864,0.1,Urban
clumpy,0.9163689243076608,0.1,Grassland
clumpy,0.9200432175273244,0.1,Forest
clumpy,0.9494023161640937,0.1,Agriculture
clumpy,0.8919346847334795,0.1,Urban
cohesion,99.95435461676354,0.1,Grassland
cohesion,99.16038671729642,0.1,Forest
cohesion,99.98008312544538,0.1,Agriculture
cohesion,99.66535647442949,0.1,Urban
contig_mn,0.05680705481346599,0.1,Grassland
contig_mn,0.427942827885764,0.1,Forest
contig_mn,0.4255123954037456,0.1,Agriculture
contig_mn,0.4203016120051015,0.1,Urban
core_mn,0.6350989826324137,0.1,Grassland
core_mn,3.0681395653026966,0.1,Forest
core_mn,27.984548261293465,0.1,Agriculture
core_mn,1.4817000849062765,0.1,Urban
cpland,14.392373213545358,0.1,Grassland
cpland,21.166061626835067,0.1,Forest
cpland,51.80032987734936,0.1,Agriculture
cpland,3.4118552635156716,0.1,Urban
dcad,1.3225533454914802,0.1,Grassland
dcad,9.499704869378537,0.1,Forest
dcad,3.176744862044182,0.1,Agriculture
dcad,2.3936501076691377,0.1,Urban
dcore_mn,0.05836092989919236,0.1,Grassland
dcore_mn,1.377035599834318,0.1,Forest
dcore_mn,1.7162008449788757,0.1,Agriculture
dcore_mn,1.0395140748481484,0.1,Urban
division,0.982858121345005,0.1,Grassland
division,0.9831644855087558,0.1,Forest
division,0.837203400532759,0.1,Agriculture
division,0.9993170171035932,0.1,Urban
ed,46.26334915624888,0.1,Grassland
ed,58.799557701104526,0.1,Forest
ed,49.68888865093424,0.1,Agriculture
ed,17.972799135278112,0.1,Urban
frac_mn,1.0297245434259588,0.1,Grassland
frac_mn,1.2174054136082335,0.1,Forest
frac_mn,1.2126902636133836,0.1,Agriculture
frac_mn,1.2119687581592724,0.1,Urban
gyrate_mn,2.772830058945657,0.1,Grassland
gyrate_mn,27.86861627103321,0.1,Forest
gyrate_mn,30.31714123818889,0.1,Agriculture
gyrate_mn,24.506248557599857,0.1,Urban
iji,97.16257065180474,0.1,Grassland
iji,73.74428376319231,0.1,Forest
iji,66.23287796005005,0.1,Agriculture
iji,69.67145567890005,0.1,Urban
lpi,12.91176466695719,0.1,Grassland
lpi,12.82051841203604,0.1,Forest
lpi,38.49146232711158,0.1,Agriculture
lpi,2.592550460358051,0.1,Urban
lsi,233.1766116941529,0.1,Grassland
lsi,244.17102315160568,0.1,Forest
lsi,139.2540011609586,0.1,Agriculture
lsi,176.36141384388807,0.1,Urban
mesh,11398.079435200843,0.1,Grassland
mesh,11194.369961763863,0.1,Forest
mesh,108247.67867362672,0.1,Agriculture
mesh,454.1330307376198,0.1,Urban
ndca,8794,0.1,Grassland
ndca,63166,0.1,Forest
ndca,21123,0.1,Agriculture
ndca,15916,0.1,Urban
nlsi,0.069642857624689,0.1,Grassland
nlsi,0.06055419832535515,0.1,Forest
nlsi,0.02691507088827555,0.1,Agriculture
nlsi,0.10338296544101495,0.1,Urban
np,150683,0.1,Grassland
np,45871,0.1,Forest
np,12308,0.1,Agriculture
np,15311,0.1,Urban
pafrac,1.58709397431763,0.1,Grassland
pafrac,1.5637366254583838,0.1,Forest
pafrac,1.5636320142677465,0.1,Agriculture
pafrac,1.5996204876405649,0.1,Urban
para_mn,0.3761881242447627,0.1,Grassland
para_mn,0.22724359569531785,0.1,Forest
para_mn,0.22790748400801344,0.1,Agriculture
para_mn,0.23003089388242745,0.1,Urban
pd,22.66162221499803,0.1,Grassland
pd,6.8986632375528405,0.1,Forest
pd,1.8510332699919416,0.1,Agriculture
pd,2.3026625281805835,0.1,Urban
pladj,93.00781594908224,0.1,Grassland
pladj,93.92119200873512,0.1,Forest
pladj,97.69043845503371,0.1,Agriculture
pladj,89.60887523645893,0.1,Urban
pland,16.726100856468324,0.1,Grassland
pland,24.26633932393553,0.1,Forest
pland,54.674671127273854,0.1,Agriculture
pland,4.332888692322298,0.1,Urban
shape_mn,1.113956062511423,0.1,Grassland
shape_mn,2.4855036125492265,0.1,Forest
shape_mn,2.416116725327893,0.1,Agriculture
shape_mn,2.3561568042798866,0.1,Urban
split,58.33666310014494,0.1,Grassland
split,59.398244141578225,0.1,Forest
split,6.14263444858519,0.1,Agriculture
split,1464.165508771741,0.1,Urban
tca,95698.62,0.1,Grassland
tca,140738.63,0.1,Forest
tca,344433.82,0.1,Agriculture
tca,22686.31,0.1,Urban
te,30761700,0.1,Grassland
te,39097350,0.1,Forest
te,33039430,0.1,Agriculture
te,11950580,0.1,Urban
ai,93.40629753712872,0.2,Grassland
ai,94.17926675597955,0.2,Forest
ai,97.74111511629624,0.2,Agriculture
ai,89.87899189140614,0.2,Urban
area_mn,0.803724489795918,0.2,Grassland
area_mn,3.5175422380153036,0.2,Forest
area_mn,29.537378940526484,0.2,Agriculture
area_mn,1.8816863692769903,0.2,Urban
ca,111216.17999999988,0.2,Grassland
ca,161353.18000000005,0.2,Forest
ca,363546.06,0.2,Agriculture
ca,28810.500000000004,0.2,Urban
cai_mn,0.3781377227900866,0.2,Grassland
cai_mn,8.423689831482232,0.2,Forest
cai_mn,7.902251980176053,0.2,Agriculture
cai_mn,7.06092467870541,0.2,Urban
circle_mn,0.4347480019521856,0.2,Grassland
circle_mn,0.6774484048909488,0.2,Forest
circle_mn,0.6794579096487342,0.2,Agriculture
circle_mn,0.6817093114537194,0.2,Urban
clumpy,0.9208190978123132,0.2,Grassland
clumpy,0.9231420587350524,0.2,Forest
clumpy,0.9501628572834688,0.2,Agriculture
clumpy,0.8942059818651428,0.2,Urban
cohesion,99.96765678957767,0.2,Grassland
cohesion,99.06572745239212,0.2,Forest
cohesion,99.98070252259076,0.2,Agriculture
cohesion,99.6635940224383,0.2,Urban
contig_mn,0.05858823219644711,0.2,Grassland
contig_mn,0.4345235372716787,0.2,Forest
contig_mn,0.4297498311257236,0.2,Agriculture
contig_mn,0.42477523638142894,0.2,Urban
core_mn,0.6952983176273347,0.2,Grassland
core_mn,3.0800074120904277,0.2,Forest
core_mn,27.9871002599935,0.2,Agriculture
core_mn,1.4852289203840376,0.2,Urban
cpland,14.469672050083416,0.2,Grassland
cpland,21.24793390517849,0.2,Forest
cpland,51.80505371184809,0.2,Agriculture
cpland,3.4199809807384263,0.2,Urban
dcad,1.2448003230194429,0.2,Grassland
dcad,9.142371829932577,0.2,Forest
dcad,3.116286999309638,0.2,Agriculture
dcad,2.3528936877659996,0.2,Urban
dcore_mn,0.05981528588772618,0.2,Grassland
dcore_mn,1.3252381679056484,0.2,Forest
dcore_mn,1.683539161520962,0.2,Agriculture
dcore_mn,1.0218143818169942,0.2,Urban
division,0.9754449790561996,0.2,Grassland
division,0.9831644855087558,0.2,Forest
division,0.8372034005327591,0.2,Agriculture
division,0.9993170171035932,0.2,Urban
ed,43.86072060478557,0.2,Grassland
ed,56.50439976832307,0.2,Forest
ed,48.87646732135214,0.2,Agriculture
ed,17.59681740185433,0.2,Urban
frac_mn,1.0287116098790714,0.2,Grassland
frac_mn,1.2127532629342366,0.2,Forest
frac_mn,1.209551059186145,0.2,Agriculture
frac_mn,1.208651034743842,0.2,Urban
gyrate_mn,2.747445503639392,0.2,Grassland
gyrate_mn,28.088935482210378,0.2,Forest
gyrate_mn,30.51345232133562,0.2,Agriculture
gyrate_mn,24.727047955725368,0.2,Urban
iji,97.83874168278196,0.2,Grassland
iji,72.71508475756559,0.2,Forest
iji,65.76118266913508,0.2,Agriculture
iji,68.98465810649344,0.2,Urban
lpi,15.6596286696118,0.2,Grassland
lpi,12.820518412036035,0.2,Forest
lpi,38.49146232711157,0.2,Agriculture
lpi,2.5925504603580505,0.2,Urban
lsi,220.82203898050977,0.2,Grassland
lsi,234.74657704754793,0.2,Forest
lsi,137.17588523094784,0.2,Agriculture
lsi,172.6756995581738,0.2,Urban
mesh,16327.26989167576,0.2,Grassland
mesh,11194.369961763863,0.2,Forest
mesh,108247.6786736267,0.2,Agriculture
mesh,454.13303073761966,0.2,Urban
ndca,8277,0.2,Grassland
ndca,60790,0.2,Forest
ndca,20721,0.2,Agriculture
ndca,15645,0.2,Urban
nlsi,0.0659370246287129,0.2,Grassland
nlsi,0.0582073324402043,0.2,Forest
nlsi,0.02652123610283562,0.2,Agriculture
nlsi,0.1012100810859386,0.2,Urban
np,138376,0.2,Grassland
np,45871,0.2,Forest
np,12308,0.2,Agriculture
np,15311,0.2,Urban
pafrac,1.5417869582444828,0.2,Grassland
pafrac,1.5380009663087997,0.2,Forest
pafrac,1.546532626744042,0.2,Agriculture
pafrac,1.585037451964564,0.2,Urban
para_mn,0.375255457114114,0.2,Grassland
para_mn,0.22387559615917713,0.2,Forest
para_mn,0.22566226167731987,0.2,Agriculture
para_mn,0.227609122375124,0.2,Urban
pd,20.810739337699456,0.2,Grassland
pd,6.89866323755284,0.2,Forest
pd,1.8510332699919416,0.2,Agriculture
pd,2.302662528180583,0.2,Urban
pladj,93.37828812318494,0.2,Grassland
pladj,94.15582017038648,0.2,Forest
pladj,97.72490451416252,0.2,Agriculture
pladj,89.82603564672603,0.2,Urban
pland,16.726100856468324,0.2,Grassland
pland,24.26633932393553,0.2,Forest
pland,54.674671127273854,0.2,Agriculture
pland,4.332888692322298,0.2,Urban
shape_mn,1.1086296499866146,0.2,Grassland
shape_mn,2.424454263087396,0.2,Forest
shape_mn,2.377138188628513,0.2,Agriculture
shape_mn,2.320220841316483,0.2,Urban
split,40.72486854271969,0.2,Grassland
split,59.398244141578246,0.2,Forest
split,6.142634448585192,0.2,Agriculture
split,1464.1655087717418,0.2,Urban
tca,96212.6,0.2,Grassland
tca,141283.02,0.2,Forest
tca,344465.23000000004,0.2,Agriculture
tca,22740.34,0.2,Urban
te,29164130,0.2,Grassland
te,37571240,0.2,Forest
te,32499230,0.2,Agriculture
te,11700580,0.2,Urban
ai,93.65858919043524,0.3,Grassland
ai,94.40202932175154,0.3,Forest
ai,97.79219139434524,0.3,Agriculture
ai,90.03836800113915,0.3,Urban
area_mn,0.8634863624717583,0.3,Grassland
area_mn,3.517542238015304,0.3,Forest
area_mn,29.537378940526484,0.3,Agriculture
area_mn,1.8816863692769903,0.3,Urban
ca,111216.17999999992,0.3,Grassland
ca,161353.18,0.3,Forest
ca,363546.06,0.3,Agriculture
ca,28810.500000000004,0.3,Urban
cai_mn,0.5341701292183789,0.3,Grassland
cai_mn,8.840418986719847,0.3,Forest
cai_mn,8.162733431686366,0.3,Agriculture
cai_mn,7.32830262333741,0.3,Urban
circle_mn,0.435024995910456,0.3,Grassland
circle_mn,0.6784026198158669,0.3,Forest
circle_mn,0.6806668173639702,0.3,Agriculture
circle_mn,0.683613719876747,0.3,Urban
clumpy,0.9238487584370868,0.3,Grassland
clumpy,0.9260834531399104,0.3,Forest
clumpy,0.9512897388598264,0.3,Agriculture
clumpy,0.8958719264886867,0.3,Urban
cohesion,99.94349023280942,0.3,Grassland
cohesion,99.1431406767386,0.3,Forest
cohesion,99.98058862241112,0.3,Agriculture
cohesion,99.67070898487238,0.3,Urban
contig_mn,0.06130540266391435,0.3,Grassland
contig_mn,0.43895918604796214,0.3,Forest
contig_mn,0.4321497652970197,0.3,Agriculture
contig_mn,0.4273898663826673,0.3,Urban
core_mn,0.7497430880674537,0.3,Grassland
core_mn,3.0935602014344576,0.3,Forest
core_mn,28.002912739681506,0.3,Agriculture
core_mn,1.4887041995950625,0.3,Urban
cpland,14.52284489075114,0.3,Grassland
cpland,21.341430034792452,0.3,Forest
cpland,51.83432313783166,0.3,Agriculture
cpland,3.4279833759526173,0.3,Urban
dcad,1.2924748068175778,0.3,Grassland
dcad,8.741876087489567,0.3,Forest
dcad,3.0480087165198797,0.3,Agriculture
dcad,2.3016097793269967,0.3,Urban
dcore_mn,0.06672412052888613,0.3,Grassland
dcore_mn,1.2671840596455275,0.3,Forest
dcore_mn,1.6466525836854078,0.3,Agriculture
dcore_mn,0.9995428123571288,0.3,Urban
division,0.988905239581557,0.3,Grassland
division,0.9831644855087558,0.3,Forest
division,0.8372034005327591,0.3,Agriculture
division,0.9993170171035932,0.3,Urban
ed,42.14257431865493,0.3,Grassland
ed,54.34946798283936,0.3,Forest
ed,47.76899056664839,0.3,Agriculture
ed,17.335314586623426,0.3,Urban
frac_mn,1.0289425775233865,0.3,Grassland
frac_mn,1.2094286572007684,0.3,Forest
frac_mn,1.2075200907049577,0.3,Agriculture
frac_mn,1.2064400089007592,0.3,Urban
gyrate_mn,2.9286140309147517,0.3,Grassland
gyrate_mn,28.301723034565956,0.3,Forest
gyrate_mn,31.19315397349494,0.3,Agriculture
gyrate_mn,24.94603308781219,0.3,Urban
iji,98.30714692725216,0.3,Grassland
iji,73.09766784695636,0.3,Forest
iji,66.42008121953211,0.3,Agriculture
iji,70.6530754469422,0.3,Urban
lpi,9.482665377219767,0.3,Grassland
lpi,12.820518412036035,0.3,Forest
lpi,38.49146232711157,0.3,Agriculture
lpi,2.5925504603580505,0.3,Urban
lsi,212.41109445277365,0.3,Grassland
lsi,225.8009708737864,0.3,Forest
lsi,134.09677419354838,0.3,Agriculture
lsi,169.9723122238586,0.3,Urban
mesh,7377.193778412791,0.3,Grassland
mesh,11194.369961763863,0.3,Forest
mesh,108247.6786736267,0.3,Agriculture
mesh,454.13303073761966,0.3,Urban
ndca,8594,0.3,Grassland
ndca,58127,0.3,Forest
ndca,20267,0.3,Agriculture
ndca,15304,0.3,Urban
nlsi,0.0634141080956475,0.3,Grassland
nlsi,0.05597970678248456,0.3,Forest
nlsi,0.02593711095682929,0.3,Agriculture
nlsi,0.09961631998860856,0.3,Urban
np,128799,0.3,Grassland
np,45871,0.3,Forest
np,12308,0.3,Agriculture
np,15311,0.3,Urban
pafrac,1.5103669295422055,0.3,Grassland
pafrac,1.5183936849348945,0.3,Forest
pafrac,1.5324376191234967,0.3,Agriculture
pafrac,1.5669254481804016,0.3,Urban
para_mn,0.37415673033694347,0.3,Grassland
para_mn,0.22174340003515952,0.3,Forest
para_mn,0.2244331745543624,0.3,Agriculture
para_mn,0.22621737193770192,0.3,Urban
pd,19.370428513299647,0.3,Grassland
pd,6.89866323755284,0.3,Forest
pd,1.8510332699919416,0.3,Agriculture
pd,2.302662528180583,0.3,Urban
pladj,93.6305041226915,0.3,Grassland
pladj,94.37852727786338,0.3,Forest
pladj,97.77597232108636,0.3,Agriculture
pladj,89.98531785286615,0.3,Urban
pland,16.726100856468335,0.3,Grassland
pland,24.266339323935515,0.3,Forest
pland,54.674671127273854,0.3,Agriculture
pland,4.332888692322298,0.3,Urban
shape_mn,1.1113027835162674,0.3,Grassland
shape_mn,2.3811040548126723,0.3,Forest
shape_mn,2.3508519378531743,0.3,Agriculture
shape_mn,2.2926712460850114,0.3,Urban
split,90.1326357924492,0.3,Grassland
split,59.39824414157825,0.3,Forest
split,6.142634448585192,0.3,Agriculture
split,1464.1655087717418,0.3,Urban
tca,96566.16,0.3,Grassland
tca,141904.7,0.3,Forest
tca,344659.85,0.3,Agriculture
tca,22793.55,0.3,Urban
te,28021690,0.3,Grassland
te,36138370,0.3,Forest
te,31762840,0.3,Agriculture
te,11526700,0.3,Urban
ai,93.72104038006589,0.4,Grassland
ai,94.4212652159922,0.4,Forest
ai,97.82098894574315,0.4,Agriculture
ai,90.1173267253662,0.4,Urban
area_mn,0.909371872444808,0.4,Grassland
area_mn,3.5175422380153036,0.4,Forest
area_mn,29.537378940526484,0.4,Agriculture
area_mn,1.8816863692769903,0.4,Urban
ca,111216.17999999992,0.4,Grassland
ca,161353.18000000005,0.4,Forest
ca,363546.06,0.4,Agriculture
ca,28810.5,0.4,Urban
cai_mn,0.8250060156099914,0.4,Grassland
cai_mn,9.296612762490582,0.4,Forest
cai_mn,8.361769021909621,0.4,Agriculture
cai_mn,7.461056089140026,0.4,Urban
circle_mn,0.4354940190756609,0.4,Grassland
circle_mn,0.6763118348804975,0.4,Forest
circle_mn,0.6791234091732504,0.4,Agriculture
circle_mn,0.6830948667626278,0.4,Urban
clumpy,0.9245987075840936,0.4,Grassland
clumpy,0.9263374471244732,0.4,Forest
clumpy,0.9519250911477,0.4,Agriculture
clumpy,0.8966972751706713,0.4,Urban
cohesion,99.95025383697978,0.4,Grassland
cohesion,99.2070980553897,0.4,Forest
cohesion,99.98002739386216,0.4,Agriculture
cohesion,99.66101319690976,0.4,Urban
contig_mn,0.06787721911335388,0.4,Grassland
contig_mn,0.4430632063451306,0.4,Forest
contig_mn,0.43358582817078944,0.4,Agriculture
contig_mn,0.4291160619046605,0.4,Urban
core_mn,0.7888819296811126,0.4,Grassland
core_mn,3.089675394039807,0.4,Forest
core_mn,28.00447026324342,0.4,Agriculture
core_mn,1.4890594997060935,0.4,Urban
cpland,14.509926158390702,0.4,Grassland
cpland,21.314630056834,0.4,Forest
cpland,51.83720616576356,0.4,Agriculture
cpland,3.4288015122045477,0.4,Urban
dcad,1.481217636996314,0.4,Grassland
dcad,8.604717951136573,0.4,Forest
dcad,3.0440985064922725,0.4,Agriculture
dcad,2.3062719528214513,0.4,Urban
dcore_mn,0.0805314799672935,0.4,Grassland
dcore_mn,1.2473022170870485,0.4,Forest
dcore_mn,1.6445401364965877,0.4,Agriculture
dcore_mn,1.001567500489844,0.4,Urban
division,0.9871357943578052,0.4,Grassland
division,0.9831644855087558,0.4,Forest
division,0.8372034005327591,0.4,Agriculture
division,0.9993170171035932,0.4,Urban
ed,41.68492935273151,0.4,Grassland
ed,54.25793898965467,0.4,Forest
ed,47.10326227017892,0.4,Agriculture
ed,17.179387442137916,0.4,Urban
frac_mn,1.0290015607912537,0.4,Grassland
frac_mn,1.2062830360480088,0.4,Forest
frac_mn,1.2061238374946175,0.4,Agriculture
frac_mn,1.2049667740534251,0.4,Urban
gyrate_mn,3.1121702297265066,0.4,Grassland
gyrate_mn,28.498245738502643,0.4,Forest
gyrate_mn,31.195972115721325,0.4,Agriculture
gyrate_mn,25.12473565034596,0.4,Urban
iji,97.93899478658064,0.4,Grassland
iji,73.69677864082924,0.4,Forest
iji,66.54654084112833,0.4,Agriculture
iji,72.3195546945597,0.4,Urban
lpi,9.529506685496637,0.4,Grassland
lpi,12.820518412036035,0.4,Forest
lpi,38.49146232711157,0.4,Agriculture
lpi,2.5925504603580505,0.4,Urban
lsi,210.32908545727136,0.4,Grassland
lsi,225.02850385860097,0.4,Forest
lsi,132.36072642839372,0.4,Agriculture
lsi,168.63298969072164,0.4,Urban
mesh,8553.743771705576,0.4,Grassland
mesh,11194.369961763863,0.4,Forest
mesh,108247.6786736267,0.4,Agriculture
mesh,454.13303073761966,0.4,Urban
ndca,9849,0.4,Grassland
ndca,57215,0.4,Forest
ndca,20241,0.4,Agriculture
ndca,15335,0.4,Urban
nlsi,0.06278959619934121,0.4,Grassland
nlsi,0.05578734784007812,0.4,Forest
nlsi,0.02560746353086582,0.4,Agriculture
nlsi,0.09882673274633794,0.4,Urban
np,122300,0.4,Grassland
np,45871,0.4,Forest
np,12308,0.4,Agriculture
np,15311,0.4,Urban
pafrac,1.4591390343109585,0.4,Grassland
pafrac,1.5079278459231005,0.4,Forest
pafrac,1.5284823982205693,0.4,Agriculture
pafrac,1.5691926330638677,0.4,Urban
para_mn,0.37108107290983416,0.4,Grassland
para_mn,0.21972863642919543,0.4,Forest
para_mn,0.22359482047514537,0.4,Agriculture
para_mn,0.22532589063808836,0.4,Urban
pd,18.3930263990912,0.4,Grassland
pd,6.89866323755284,0.4,Forest
pd,1.8510332699919416,0.4,Agriculture
pd,2.302662528180583,0.4,Urban
pladj,93.6929365853062,0.4,Grassland
pladj,94.39775838319392,0.4,Forest
pladj,97.8047650963402,0.4,Agriculture
pladj,90.06423005501466,0.4,Urban
pland,16.726100856468335,0.4,Grassland
pland,24.26633932393553,0.4,Forest
pland,54.674671127273854,0.4,Agriculture
pland,4.332888692322298,0.4,Urban
shape_mn,1.1127364493628409,0.4,Grassland
shape_mn,2.3475047025217037,0.4,Forest
shape_mn,2.337209044885723,0.4,Agriculture
shape_mn,2.282303793315883,0.4,Urban
split,77.7350757453679,0.4,Grassland
split,59.398244141578246,0.4,Forest
split,6.142634448585192,0.4,Agriculture
split,1464.1655087717418,0.4,Urban
tca,96480.26,0.4,Grassland
tca,141726.5,0.4,Forest
tca,344679.02,0.4,Agriculture
tca,22798.99,0.4,Urban
te,27717390,0.4,Grassland
te,36077510,0.4,Forest
te,31320180,0.4,Agriculture
te,11423020,0.4,Urban
ai,93.82293560975198,0.5,Grassland
ai,94.51167639857442,0.5,Forest
ai,97.81931350186436,0.5,Agriculture
ai,90.1274157992118,0.5,Urban
area_mn,0.9924256458305442,0.5,Grassland
area_mn,3.5175422380153036,0.5,Forest
area_mn,29.537378940526487,0.5,Agriculture
area_mn,1.8816863692769903,0.5,Urban
ca,111216.17999999988,0.5,Grassland
ca,161353.18,0.5,Forest
ca,363546.06,0.5,Agriculture
ca,28810.5,0.5,Urban
cai_mn,0.9777748373496126,0.5,Grassland
cai_mn,9.466830258185674,0.5,Forest
cai_mn,8.321276666871764,0.5,Agriculture
cai_mn,7.383336895073355,0.5,Urban
circle_mn,0.43574923634653506,0.5,Grassland
circle_mn,0.6789769937973622,0.5,Forest
circle_mn,0.6849595685247186,0.5,Agriculture
circle_mn,0.688171000585154,0.5,Urban
clumpy,0.9258223230354428,0.5,Grassland
clumpy,0.9275312515936504,0.5,Forest
clumpy,0.9518881262999984,0.5,Agriculture
clumpy,0.8968027353827305,0.5,Urban
cohesion,99.95780140888571,0.5,Grassland
cohesion,99.10393994641832,0.5,Forest
cohesion,99.97995744846186,0.5,Agriculture
cohesion,99.66758764024098,0.5,Urban
contig_mn,0.07031464085973982,0.5,Grassland
contig_mn,0.4418540696201681,0.5,Forest
contig_mn,0.43085974916067227,0.5,Agriculture
contig_mn,0.42459449856210346,0.5,Urban
core_mn,0.8613193236068352,0.5,Grassland
core_mn,3.096299404852739,0.5,Forest
core_mn,27.997381377965553,0.5,Agriculture
core_mn,1.491515250473516,0.5,Urban
cpland,14.51646673662534,0.5,Grassland
cpland,21.360326876714332,0.5,Forest
cpland,51.82408440326708,0.5,Agriculture
cpland,3.4344562774752423,0.5,Urban
dcad,1.6937225127274331,0.5,Grassland
dcad,8.352359011662534,0.5,Forest
dcad,3.0084554381636988,0.5,Agriculture
dcad,2.2441597704598437,0.5,Urban
dcore_mn,0.1004952482934012,0.5,Grassland
dcore_mn,1.2107213708007238,0.5,Forest
dcore_mn,1.6252843678908029,0.5,Agriculture
dcore_mn,0.9745934295604468,0.5,Urban
division,0.9821287902447255,0.5,Grassland
division,0.9831644855087558,0.5,Forest
division,0.837203400532759,0.5,Agriculture
division,0.9993170171035932,0.5,Urban
ed,40.92943165758978,0.5,Grassland
ed,53.235930402592835,0.5,Forest
ed,47.34340932295136,0.5,Agriculture
ed,17.17702627685202,0.5,Urban
frac_mn,1.029379804412402,0.5,Grassland
frac_mn,1.2066883032554483,0.5,Forest
frac_mn,1.2075982679322517,0.5,Agriculture
frac_mn,1.2074631378960334,0.5,Urban
gyrate_mn,3.4318032562638088,0.5,Grassland
gyrate_mn,28.75657637600346,0.5,Forest
gyrate_mn,31.643277113138097,0.5,Agriculture
gyrate_mn,25.637590412983982,0.5,Urban
iji,98.26660576427084,0.5,Grassland
iji,73.00973859254309,0.5,Forest
iji,68.3962134821997,0.5,Agriculture
iji,74.24415368227864,0.5,Urban
lpi,13.29392152437072,0.5,Grassland
lpi,12.82051841203604,0.5,Forest
lpi,38.49146232711158,0.5,Agriculture
lpi,2.592550460358051,0.5,Urban
lsi,206.932083958021,0.5,Grassland
lsi,221.39780931043063,0.5,Forest
lsi,132.46172982834398,0.5,Agriculture
lsi,168.4618556701031,0.5,Urban
mesh,11883.030588038744,0.5,Grassland
mesh,11194.369961763863,0.5,Forest
mesh,108247.67867362672,0.5,Agriculture
mesh,454.1330307376198,0.5,Urban
ndca,11262,0.5,Grassland
ndca,55537,0.5,Forest
ndca,20004,0.5,Agriculture
ndca,14922,0.5,Urban
nlsi,0.06177064390248026,0.5,Grassland
nlsi,0.05488323601425576,0.5,Forest
nlsi,0.02562664855775913,0.5,Agriculture
nlsi,0.09872584200788198,0.5,Urban
np,112065,0.5,Grassland
np,45871,0.5,Forest
np,12308,0.5,Agriculture
np,15311,0.5,Urban
pafrac,1.4503738607981933,0.5,Grassland
pafrac,1.501396382926063,0.5,Forest
pafrac,1.5304957383306748,0.5,Agriculture
pafrac,1.567836357960277,0.5,Urban
para_mn,0.370059707807208,0.5,Grassland
para_mn,0.22054037357086803,0.5,Forest
para_mn,0.22510727977699996,0.5,Agriculture
para_mn,0.22759666027606532,0.5,Urban
pd,16.853757182454252,0.5,Grassland
pd,6.8986632375528405,0.5,Forest
pd,1.8510332699919416,0.5,Agriculture
pd,2.3026625281805835,0.5,Urban
pladj,93.79480126003249,0.5,Grassland
pladj,94.48814705728142,0.5,Forest
pladj,97.80308993033783,0.5,Agriculture
pladj,90.07431318442929,0.5,Urban
pland,16.726100856468324,0.5,Grassland
pland,24.266339323935515,0.5,Forest
pland,54.674671127273854,0.5,Agriculture
pland,4.332888692322298,0.5,Urban
shape_mn,1.1177305161873734,0.5,Grassland
shape_mn,2.3473817905002625,0.5,Forest
shape_mn,2.3513493113148427,0.5,Agriculture
shape_mn,2.3018466728505977,0.5,Urban
split,55.95592093058352,0.5,Grassland
split,59.39824414157823,0.5,Forest
split,6.14263444858519,0.5,Agriculture
split,1464.165508771741,0.5,Urban
tca,96523.75,0.5,Grassland
tca,142030.35,0.5,Forest
tca,344591.77,0.5,Agriculture
tca,22836.59,0.5,Urban
te,27215040,0.5,Grassland
te,35397950,0.5,Forest
te,31479860,0.5,Agriculture
te,11421450,0.5,Urban
ai,93.88301682912731,0.6,Grassland
ai,94.50968027935257,0.6,Forest
ai,97.84898729115294,0.6,Agriculture
ai,89.89892692888418,0.6,Urban
area_mn,1.1051002096602716,0.6,Grassland
area_mn,3.5175422380153036,0.6,Forest
area_mn,29.537378940526484,0.6,Agriculture
area_mn,1.8816863692769903,0.6,Urban
ca,111216.1799999999,0.6,Grassland
ca,161353.18000000002,0.6,Forest
ca,363546.06,0.6,Agriculture
ca,28810.5,0.6,Urban
cai_mn,1.2906284355907698,0.6,Grassland
cai_mn,9.7360547302586,0.6,Forest
cai_mn,7.941420900789184,0.6,Agriculture
cai_mn,6.597427335145409,0.6,Urban
circle_mn,0.43620929455673474,0.6,Grassland
circle_mn,0.6964102692033177,0.6,Forest
circle_mn,0.7120747099202298,0.6,Agriculture
circle_mn,0.7201675547432947,0.6,Urban
clumpy,0.9265438122414636,0.6,Grassland
clumpy,0.9275048944995384,0.6,Forest
clumpy,0.9525428107783372,0.6,Agriculture
clumpy,0.8944143610793319,0.6,Urban
cohesion,99.96242445221634,0.6,Grassland
cohesion,99.1480009365881,0.6,Forest
cohesion,99.97995731395888,0.6,Agriculture
cohesion,99.64733477430735,0.6,Urban
contig_mn,0.07575502513324886,0.6,Grassland
contig_mn,0.4388019546416262,0.6,Forest
contig_mn,0.41619865191436306,0.6,Agriculture
contig_mn,0.4053010951833583,0.6,Urban
core_mn,0.9584003219427856,0.6,Grassland
core_mn,3.0952189836716006,0.6,Forest
core_mn,28.00393971400715,0.6,Agriculture
core_mn,1.485518907974659,0.6,Urban
cpland,14.505743737588094,0.6,Grassland
cpland,21.352873414830945,0.6,Forest
cpland,51.83622410147586,0.6,Agriculture
cpland,3.4206487242969876,0.6,Urban
dcad,1.969091534287008,0.6,Grassland
dcad,8.078042738956546,0.6,Forest
dcad,2.838361301962782,0.6,Agriculture
dcad,2.126853469631625,0.6,Urban
dcore_mn,0.13009866950188298,0.6,Grassland
dcore_mn,1.1709576856837651,0.6,Forest
dcore_mn,1.5333929151771206,0.6,Agriculture
dcore_mn,0.92364966364052,0.6,Urban
division,0.9800003433051236,0.6,Grassland
division,0.9831644855087558,0.6,Forest
division,0.837203400532759,0.6,Agriculture
division,0.9993170171035932,0.6,Urban
ed,40.66992906518069,0.6,Grassland
ed,53.256113102043024,0.6,Forest
ed,46.5658039018843,0.6,Agriculture
ed,17.558392068698424,0.6,Urban
frac_mn,1.0296689278395492,0.6,Grassland
frac_mn,1.2073575624132695,0.6,Forest
frac_mn,1.2157518195351136,0.6,Agriculture
frac_mn,1.2183308068374556,0.6,Urban
gyrate_mn,3.680311771826114,0.6,Grassland
gyrate_mn,29.57424069846423,0.6,Forest
gyrate_mn,32.60525586210953,0.6,Agriculture
gyrate_mn,26.74506709481112,0.6,Urban
iji,98.10582048878562,0.6,Grassland
iji,74.2755495782466,0.6,Forest
iji,67.75475780792134,0.6,Agriculture
iji,75.10136340852569,0.6,Urban
lpi,14.072006698129623,0.6,Grassland
lpi,12.82051841203604,0.6,Forest
lpi,38.49146232711158,0.6,Agriculture
lpi,2.592550460358051,0.6,Urban
lsi,204.92908545727136,0.6,Grassland
lsi,221.47796863330845,0.6,Forest
lsi,130.67285844597396,0.6,Agriculture
lsi,172.33755522827687,0.6,Urban
mesh,13298.290127524886,0.6,Grassland
mesh,11194.369961763863,0.6,Forest
mesh,108247.67867362672,0.6,Agriculture
mesh,454.1330307376198,0.6,Urban
ndca,13093,0.6,Grassland
ndca,53713,0.6,Forest
ndca,18873,0.6,Agriculture
ndca,14142,0.6,Urban
nlsi,0.06116983170872697,0.6,Grassland
nlsi,0.05490319720647454,0.6,Forest
nlsi,0.02528675067731978,0.6,Agriculture
nlsi,0.10101073071115815,0.6,Urban
np,100639,0.6,Grassland
np,45871,0.6,Forest
np,12308,0.6,Agriculture
np,15311,0.6,Urban
pafrac,1.4199050660285677,0.6,Grassland
pafrac,1.4910342800756602,0.6,Forest
pafrac,1.51540063788965,0.6,Agriculture
pafrac,1.5609090972307964,0.6,Urban
para_mn,0.36777051958030954,0.6,Grassland
para_mn,0.22196096232756213,0.6,Forest
para_mn,0.23233999376800557,0.6,Agriculture
para_mn,0.2367578258349438,0.6,Urban
pd,15.135370268014222,0.6,Grassland
pd,6.8986632375528405,0.6,Forest
pd,1.8510332699919416,0.6,Agriculture
pd,2.3026625281805835,0.6,Urban
pladj,93.85486446306643,0.6,Grassland
pladj,94.48615143500736,0.6,Forest
pladj,97.83275879815614,0.6,Agriculture
pladj,89.84595893858142,0.6,Urban
pland,16.726100856468328,0.6,Grassland
pland,24.26633932393552,0.6,Forest
pland,54.674671127273854,0.6,Agriculture
pland,4.332888692322298,0.6,Urban
shape_mn,1.1212511098318592,0.6,Grassland
shape_mn,2.3475021938912137,0.6,Forest
shape_mn,2.4125060300756513,0.6,Agriculture
shape_mn,2.3918849106324376,0.6,Urban
split,50.000858277541425,0.6,Grassland
split,59.39824414157823,0.6,Forest
split,6.14263444858519,0.6,Agriculture
split,1464.165508771741,0.6,Urban
tca,96452.45,0.6,Grassland
tca,141980.79,0.6,Forest
tca,344672.49,0.6,Agriculture
tca,22744.78,0.6,Urban
te,27042490,0.6,Grassland
te,35411370,0.6,Forest
te,30962810,0.6,Agriculture
te,11675030,0.6,Urban
ai,93.9355024512328,0.7,Grassland
ai,94.45435616135364,0.7,Forest
ai,97.79748321093123,0.7,Agriculture
ai,89.3158270826514,0.7,Urban
area_mn,1.236848496980616,0.7,Grassland
area_mn,3.5175422380153036,0.7,Forest
area_mn,29.537378940526484,0.7,Agriculture
area_mn,1.8816863692769903,0.7,Urban
ca,111216.17999999992,0.7,Grassland
ca,161353.18,0.7,Forest
ca,363546.06,0.7,Agriculture
ca,28810.5,0.7,Urban
cai_mn,1.3362785182285903,0.7,Grassland
cai_mn,9.756138389088116,0.7,Forest
cai_mn,6.675487003276927,0.7,Agriculture
cai_mn,5.763396798524316,0.7,Urban
circle_mn,0.4356643198112076,0.7,Grassland
circle_mn,0.729592029021623,0.7,Forest
circle_mn,0.7646988847681121,0.7,Agriculture
circle_mn,0.7648521253917882,0.7,Urban
clumpy,0.927174089226753,0.7,Grassland
clumpy,0.926774385535558,0.7,Forest
clumpy,0.9514064907228046,0.7,Agriculture
clumpy,0.888319269064298,0.7,Urban
cohesion,99.96013089587365,0.7,Grassland
cohesion,99.08348268489192,0.7,Forest
cohesion,99.9791330523537,0.7,Agriculture
cohesion,99.66166213590148,0.7,Urban
contig_mn,0.07613493886523115,0.7,Grassland
contig_mn,0.431228161500104,0.7,Forest
contig_mn,0.3886114240667689,0.7,Agriculture
contig_mn,0.3837070288325331,0.7,Urban
core_mn,1.0710176937021092,0.7,Grassland
core_mn,3.090590569204944,0.7,Forest
core_mn,27.95795336366591,0.7,Agriculture
core_mn,1.471036509698909,0.7,Urban
cpland,14.483544272119818,0.7,Grassland
cpland,21.320943542101656,0.7,Forest
cpland,51.7511018370287,0.7,Agriculture
cpland,3.387300648469232,0.7,Urban
dcad,2.2880744369237407,0.7,Grassland
dcad,7.804779215104143,0.7,Forest
dcad,2.8370077677224557,0.7,Agriculture
dcad,2.0645908945766474,0.7,Urban
dcore_mn,0.16919672149378884,0.7,Grassland
dcore_mn,1.1313466024285497,0.7,Forest
dcore_mn,1.5326616834579134,0.7,Agriculture
dcore_mn,0.8966102801907125,0.7,Urban
division,0.9827794008756277,0.7,Grassland
division,0.9831644855087558,0.7,Forest
division,0.8372034005327591,0.7,Agriculture
division,0.9993170171035932,0.7,Urban
ed,40.317619141693264,0.7,Grassland
ed,53.72536838389456,0.7,Forest
ed,47.731828532116786,0.7,Agriculture
ed,18.597455187188373,0.7,Urban
frac_mn,1.0296678044223222,0.7,Grassland
frac_mn,1.2096221812655028,0.7,Forest
frac_mn,1.2305663704977767,0.7,Agriculture
frac_mn,1.2294490870376804,0.7,Urban
gyrate_mn,3.89440265082449,0.7,Grassland
gyrate_mn,31.26907131715573,0.7,Forest
gyrate_mn,35.70895760677445,0.7,Agriculture
gyrate_mn,28.944122690797226,0.7,Urban
iji,98.64619753177529,0.7,Grassland
iji,74.90607763408337,0.7,Forest
iji,68.12095274334185,0.7,Agriculture
iji,77.58180185876081,0.7,Urban
lpi,12.816426226849453,0.7,Grassland
lpi,12.820518412036035,0.7,Forest
lpi,38.49146232711157,0.7,Agriculture
lpi,2.5925504603580505,0.7,Urban
lsi,203.1793103448276,0.7,Grassland
lsi,223.69965148120488,0.7,Forest
lsi,133.77775934986315,0.7,Agriculture
lsi,182.2282768777614,0.7,Urban
mesh,11450.422715724484,0.7,Grassland
mesh,11194.369961763863,0.7,Forest
mesh,108247.6786736267,0.7,Agriculture
mesh,454.13303073761966,0.7,Urban
ndca,15214,0.7,Grassland
ndca,51896,0.7,Forest
ndca,18864,0.7,Agriculture
ndca,13728,0.7,Urban
nlsi,0.06064497548767197,0.7,Grassland
nlsi,0.05545643838646368,0.7,Forest
nlsi,0.02587655192008796,0.7,Agriculture
nlsi,0.10684172917348606,0.7,Urban
np,89919,0.7,Grassland
np,45871,0.7,Forest
np,12308,0.7,Agriculture
np,15311,0.7,Urban
pafrac,1.4257705907551552,0.7,Grassland
pafrac,1.488647160015032,0.7,Forest
pafrac,1.5168068444472875,0.7,Agriculture
pafrac,1.5602035609164835,0.7,Urban
para_mn,0.36757624860336546,0.7,Grassland
para_mn,0.22457433154103904,0.7,Forest
para_mn,0.24448452707669244,0.7,Agriculture
para_mn,0.2461474067436513,0.7,Urban
pd,13.523160595093062,0.7,Grassland
pd,6.89866323755284,0.7,Forest
pd,1.8510332699919416,0.7,Agriculture
pd,2.302662528180583,0.7,Urban
pladj,93.90733434649526,0.7,Grassland
pladj,94.43084109033364,0.7,Forest
pladj,97.78126326001168,0.7,Agriculture
pladj,89.26320265181097,0.7,Urban
pland,16.72610085646833,0.7,Grassland
pland,24.266339323935515,0.7,Forest
pland,54.674671127273854,0.7,Agriculture
pland,4.332888692322298,0.7,Urban
shape_mn,1.1247948863020856,0.7,Grassland
shape_mn,2.366721230617546,0.7,Forest
shape_mn,2.547813151349316,0.7,Agriculture
shape_mn,2.490812605179243,0.7,Urban
split,58.069988899787994,0.7,Grassland
split,59.39824414157825,0.7,Forest
split,6.142634448585192,0.7,Agriculture
split,1464.1655087717418,0.7,Urban
tca,96304.84,0.7,Grassland
tca,141768.48,0.7,Forest
tca,344106.49,0.7,Agriculture
tca,22523.04,0.7,Urban
te,26808230,0.7,Grassland
te,35723390,0.7,Forest
te,31738130,0.7,Agriculture
te,12365930,0.7,Urban
ai,94.03348070920664,0.8,Grassland
ai,94.28205759721426,0.8,Forest
ai,97.62237181420296,0.8,Agriculture
ai,89.80961865558315,0.8,Urban
area_mn,1.3265921561143186,0.8,Grassland
area_mn,3.5175422380153036,0.8,Forest
area_mn,29.537378940526487,0.8,Agriculture
area_mn,1.8816863692769903,0.8,Urban
ca,111216.18,0.8,Grassland
ca,161353.18000000005,0.8,Forest
ca,363546.06,0.8,Agriculture
ca,28810.500000000004,0.8,Urban
cai_mn,2.6017309724915356,0.8,Grassland
cai_mn,10.06141499741076,0.8,Forest
cai_mn,9.192125778913535,0.8,Agriculture
cai_mn,7.647455365808934,0.8,Urban
circle_mn,0.4402654579500149,0.8,Grassland
circle_mn,0.7650234314627432,0.8,Forest
circle_mn,0.7603137543300077,0.8,Agriculture
circle_mn,0.7639578365913121,0.8,Urban
clumpy,0.9283506674701346,0.8,Grassland
clumpy,0.9244993263003212,0.8,Forest
clumpy,0.9475430571618478,0.8,Agriculture
clumpy,0.8934808294603642,0.8,Urban
cohesion,99.93385386557703,0.8,Grassland
cohesion,99.34773484201192,0.8,Forest
cohesion,99.98116119337044,0.8,Agriculture
cohesion,99.66860206653791,0.8,Urban
contig_mn,0.10250135007344464,0.8,Grassland
contig_mn,0.42257744770732386,0.8,Forest
contig_mn,0.416293909442164,0.8,Agriculture
contig_mn,0.4053488492120973,0.8,Urban
core_mn,1.1408417624886684,0.8,Grassland
core_mn,3.0743517690915834,0.8,Forest
core_mn,27.778350666233344,0.8,Agriculture
core_mn,1.4646156358173863,0.8,Urban
cpland,14.384100111483097,0.8,Grassland
cpland,21.20891752873764,0.8,Forest
cpland,51.418651268700735,0.8,Agriculture
cpland,3.372515542784075,0.8,Urban
dcad,2.33755363304231,0.8,Grassland
dcad,7.641302357411485,0.8,Forest
dcad,3.443240714694954,0.8,Agriculture
dcad,2.114521268775325,0.8,Urban
dcore_mn,0.18539768118707953,0.8,Grassland
dcore_mn,1.1076497133265026,0.8,Forest
dcore_mn,1.8601722456938576,0.8,Agriculture
dcore_mn,0.9182940369668866,0.8,Urban
division,0.9918068193245028,0.8,Grassland
division,0.9831644855087558,0.8,Forest
division,0.8372034005327591,0.8,Agriculture
division,0.9993170171035932,0.8,Urban
ed,39.565234575304274,0.8,Grassland
ed,55.50479969257328,0.8,Forest
ed,51.61032074069245,0.8,Agriculture
ed,17.682315648034898,0.8,Urban
frac_mn,1.0314877699198994,0.8,Grassland
frac_mn,1.211029887986008,0.8,Forest
frac_mn,1.2090115575087783,0.8,Agriculture
frac_mn,1.211440589802058,0.8,Urban
gyrate_mn,5.068896302481013,0.8,Grassland
gyrate_mn,34.39843286550745,0.8,Forest
gyrate_mn,36.538564217301186,0.8,Agriculture
gyrate_mn,29.96164733588003,0.8,Urban
iji,99.1537611539807,0.8,Grassland
iji,71.49489140139876,0.8,Forest
iji,67.42456938489727,0.8,Agriculture
iji,78.39882707043347,0.8,Urban
lpi,6.901860586213876,0.8,Grassland
lpi,12.820518412036035,0.8,Forest
lpi,38.49146232711157,0.8,Agriculture
lpi,2.5925504603580505,0.8,Urban
lsi,199.9128935532234,0.8,Grassland
lsi,230.61874533233757,0.8,Forest
lsi,144.33427315697818,0.8,Agriculture
lsi,173.85243004418265,0.8,Urban
mesh,5447.858198381258,0.8,Grassland
mesh,11194.369961763863,0.8,Forest
mesh,108247.6786736267,0.8,Agriculture
mesh,454.13303073761966,0.8,Urban
ndca,15543,0.8,Grassland
ndca,50809,0.8,Forest
ndca,22895,0.8,Agriculture
ndca,14060,0.8,Urban
nlsi,0.05966519290793371,0.8,Grassland
nlsi,0.05717942402785739,0.8,Forest
nlsi,0.02787651981051679,0.8,Agriculture
nlsi,0.10190381344416843,0.8,Urban
np,83836,0.8,Grassland
np,45871,0.8,Forest
np,12308,0.8,Agriculture
np,15311,0.8,Urban
pafrac,1.3500036446762749,0.8,Grassland
pafrac,1.486754548354748,0.8,Forest
pafrac,1.5002967661524336,0.8,Agriculture
pafrac,1.5545243168001135,0.8,Urban
para_mn,0.3560264319138235,0.8,Grassland
para_mn,0.22706845876542583,0.8,Forest
para_mn,0.22907414656286829,0.8,Agriculture
para_mn,0.23323850323020837,0.8,Urban
pd,12.608321841326326,0.8,Grassland
pd,6.89866323755284,0.8,Forest
pd,1.8510332699919416,0.8,Agriculture
pd,2.302662528180583,0.8,Urban
pladj,94.00528322407766,0.8,Grassland
pladj,94.25858542112402,0.8,Forest
pladj,97.60618090593528,0.8,Agriculture
pladj,89.75670328526058,0.8,Urban
pland,16.726100856468342,0.8,Grassland
pland,24.26633932393552,0.8,Forest
pland,54.67467112727385,0.8,Agriculture
pland,4.332888692322297,0.8,Urban
shape_mn,1.137471935277014,0.8,Grassland
shape_mn,2.3783606873115852,0.8,Forest
shape_mn,2.3490468794016506,0.8,Agriculture
shape_mn,2.330471407546099,0.8,Urban
split,122.0527215993932,0.8,Grassland
split,59.398244141578246,0.8,Forest
split,6.142634448585192,0.8,Agriculture
split,1464.1655087717418,0.8,Urban
tca,95643.61,0.8,Grassland
tca,141023.59,0.8,Forest
tca,341895.94,0.8,Agriculture
tca,22424.73,0.8,Urban
te,26307950,0.8,Grassland
te,36906580,0.8,Forest
te,34317040,0.8,Agriculture
te,11757430,0.8,Urban
ai,94.0696958334304,0.9,Grassland
ai,93.73941072700832,0.9,Forest
ai,97.38325515993728,0.9,Agriculture
ai,88.86935517620715,0.9,Urban
area_mn,1.651243151752706,0.9,Grassland
area_mn,3.5175422380153036,0.9,Forest
area_mn,29.537378940526487,0.9,Agriculture
area_mn,1.8816863692769903,0.9,Urban
ca,111216.18,0.9,Grassland
ca,161353.18000000005,0.9,Forest
ca,363546.06,0.9,Agriculture
ca,28810.500000000004,0.9,Urban
cai_mn,3.9643574413085743,0.9,Grassland
cai_mn,9.894407668283757,0.9,Forest
cai_mn,8.796357320801901,0.9,Agriculture
cai_mn,6.828883937535554,0.9,Urban
circle_mn,0.4442848354632136,0.9,Grassland
circle_mn,0.8045958886682973,0.9,Forest
circle_mn,0.8009295988311118,0.9,Agriculture
circle_mn,0.8065846195231406,0.9,Urban
clumpy,0.9287855591300214,0.9,Grassland
clumpy,0.9173341257097014,0.9,Forest
clumpy,0.9422674935815566,0.9,Agriculture
clumpy,0.8836523370294388,0.9,Urban
cohesion,99.9350379517953,0.9,Grassland
cohesion,99.4933506265746,0.9,Forest
cohesion,99.98136077162798,0.9,Agriculture
cohesion,99.67482069287908,0.9,Urban
contig_mn,0.12778079260425354,0.9,Grassland
contig_mn,0.4001396616352429,0.9,Forest
contig_mn,0.38941553845813376,0.9,Agriculture
contig_mn,0.372533001940692,0.9,Urban
core_mn,1.413024809585319,0.9,Grassland
core_mn,3.0357175557541805,0.9,Forest
core_mn,27.585671920701984,0.9,Agriculture
core_mn,1.4309614003004376,0.9,Urban
cpland,14.313092201308685,0.9,Grassland
cpland,20.94239310147513,0.9,Forest
cpland,51.06199650030187,0.9,Agriculture
cpland,3.295021195744633,0.9,Urban
dcad,2.8475352562583214,0.9,Grassland
dcad,7.774700676430242,0.9,Forest
dcad,4.001197607095841,0.9,Agriculture
dcad,2.1464045197696615,0.9,Urban
dcore_mn,0.2811159116891601,0.9,Grassland
dcore_mn,1.1269865492359006,0.9,Forest
dcore_mn,2.1616022099447516,0.9,Agriculture
dcore_mn,0.932140291293841,0.9,Urban
division,0.990429069255186,0.9,Grassland
division,0.9831644855087558,0.9,Forest
division,0.8372034005327591,0.9,Agriculture
division,0.9993170171035932,0.9,Urban
ed,39.31070998104571,0.9,Grassland
ed,60.655328340937594,0.9,Forest
ed,56.93246249146071,0.9,Agriculture
ed,19.345102383736226,0.9,Urban
frac_mn,1.0337061403039234,0.9,Grassland
frac_mn,1.2228588096058584,0.9,Forest
frac_mn,1.223206633570871,0.9,Agriculture
frac_mn,1.2292612070947615,0.9,Urban
gyrate_mn,6.674804663788021,0.9,Grassland
gyrate_mn,41.18576087635675,0.9,Forest
gyrate_mn,42.16669154971552,0.9,Agriculture
gyrate_mn,35.41114381951693,0.9,Urban
iji,99.35496866980084,0.9,Grassland
iji,69.76204208415453,0.9,Forest
iji,65.43512504834787,0.9,Agriculture
iji,81.81668269265016,0.9,Urban
lpi,8.970393273283737,0.9,Grassland
lpi,12.820518412036035,0.9,Forest
lpi,38.49146232711157,0.9,Agriculture
lpi,2.5925504603580505,0.9,Urban
lsi,198.7055472263868,0.9,Grassland
lsi,252.41013193925815,0.9,Forest
lsi,158.7493158636703,0.9,Agriculture
lsi,189.80147275405008,0.9,Urban
mesh,6363.959930751686,0.9,Grassland
mesh,11194.369961763863,0.9,Forest
mesh,108247.6786736267,0.9,Agriculture
mesh,454.13303073761966,0.9,Urban
ndca,18934,0.9,Grassland
ndca,51696,0.9,Forest
ndca,26605,0.9,Agriculture
ndca,14272,0.9,Urban
nlsi,0.05930304166569604,0.9,Grassland
nlsi,0.06260589272991682,0.9,Forest
nlsi,0.03059427303792349,0.9,Agriculture
nlsi,0.1113064482379285,0.9,Urban
np,67353,0.9,Grassland
np,45871,0.9,Forest
np,12308,0.9,Agriculture
np,15311,0.9,Urban
pafrac,1.3237454194353453,0.9,Grassland
pafrac,1.5154473492266285,0.9,Forest
pafrac,1.5291794001565826,0.9,Agriculture
pafrac,1.5866413581925476,0.9,Urban
para_mn,0.34522664228672656,0.9,Grassland
para_mn,0.23875757303874215,0.9,Forest
para_mn,0.24286416268157215,0.9,Agriculture
para_mn,0.2497237832382937,0.9,Urban
pd,10.129399076516677,0.9,Grassland
pd,6.89866323755284,0.9,Forest
pd,1.8510332699919416,0.9,Agriculture
pd,2.302662528180583,0.9,Urban
pladj,94.04148748860102,0.9,Grassland
pladj,93.71607364664273,0.9,Forest
pladj,97.36710390974945,0.9,Agriculture
pladj,88.81699380434218,0.9,Urban
pland,16.726100856468342,0.9,Grassland
pland,24.26633932393552,0.9,Forest
pland,54.67467112727385,0.9,Agriculture
pland,4.332888692322297,0.9,Urban
shape_mn,1.158157821583833,0.9,Grassland
shape_mn,2.5033644275630578,0.9,Forest
shape_mn,2.4917177498256167,0.9,Agriculture
shape_mn,2.5013999978244557,0.9,Urban
split,104.48304628490352,0.9,Grassland
split,59.398244141578246,0.9,Forest
split,6.142634448585192,0.9,Agriculture
split,1464.1655087717418,0.9,Urban
tca,95171.46,0.9,Grassland
tca,139251.4,0.9,Forest
tca,339524.45,0.9,Agriculture
tca,21909.45,0.9,Urban
te,26138710,0.9,Grassland
te,40331300,0.9,Forest
te,37855870,0.9,Agriculture
te,12863060,0.9,Urban
ai,94.20971745367518,1,Grassland
ai,92.51569355751282,1,Forest
ai,96.61462395920786,1,Agriculture
ai,84.33151203265318,1,Urban
area_mn,10.602114394661584,1,Grassland
area_mn,3.5175422380153036,1,Forest
area_mn,29.537378940526484,1,Agriculture
area_mn,1.8816863692769903,1,Urban
ca,111216.18,1,Grassland
ca,161353.18000000005,1,Forest
ca,363546.06,1,Agriculture
ca,28810.5,1,Urban
cai_mn,12.502358121698384,1,Grassland
cai_mn,9.083597642123774,1,Forest
cai_mn,2.521947259250687,1,Agriculture
cai_mn,2.0624996286502686,1,Urban
circle_mn,0.5876567212225223,1,Grassland
circle_mn,0.8324052397148499,1,Forest
circle_mn,0.8993544795753389,1,Agriculture
circle_mn,0.8930956866493589,1,Urban
clumpy,0.9304670178065684,1,Grassland
clumpy,0.9011759582769964,1,Forest
clumpy,0.9253093992919876,1,Agriculture
clumpy,0.8362186570371614,1,Urban
cohesion,99.9672595542603,1,Grassland
cohesion,99.45010931395612,1,Forest
cohesion,99.97687131280834,1,Agriculture
cohesion,99.63654992156933,1,Urban
contig_mn,0.39429974006727214,1,Grassland
contig_mn,0.3674948709191659,1,Forest
contig_mn,0.2581170613179457,1,Agriculture
contig_mn,0.2599769865697849,1,Urban
core_mn,9.052738798856051,1,Grassland
core_mn,2.958897342547579,1,Forest
core_mn,26.945287617809555,1,Agriculture
core_mn,1.3255580954869048,1,Urban
cpland,14.281775930768347,1,Grassland
cpland,20.412436320725774,1,Forest
cpland,49.87662385006739,1,Agriculture
cpland,3.052312955404115,1,Urban
dcad,4.243329843420753,1,Grassland
dcad,7.235542870700544,1,Forest
dcad,7.041987474333984,1,Agriculture
dcad,2.3219127929318804,1,Urban
dcore_mn,2.689704480457579,1,Grassland
dcore_mn,1.0488325957576683,1,Forest
dcore_mn,3.804354891127722,1,Agriculture
dcore_mn,1.0083600026125008,1,Urban
division,0.9820515947095468,1,Grassland
division,0.9831644855087558,1,Forest
division,0.8372034005327591,1,Agriculture
division,0.9993170171035932,1,Urban
ed,38.51304217468317,1,Grassland
ed,72.44831123443045,1,Forest
ed,73.65803998135613,1,Agriculture
ed,27.23001082586764,1,Urban
frac_mn,1.0885768717182924,1,Grassland
frac_mn,1.237259498736636,1,Forest
frac_mn,1.2985727520177093,1,Agriculture
frac_mn,1.292913406343638,1,Urban
gyrate_mn,30.57549262895588,1,Grassland
gyrate_mn,63.85125274905126,1,Forest
gyrate_mn,79.96617757568498,1,Agriculture
gyrate_mn,61.03218357704249,1,Urban
iji,99.53802415868664,1,Grassland
iji,64.21094390957695,1,Forest
iji,67.04418636517806,1,Agriculture
iji,91.60196742072723,1,Urban
lpi,13.106780376376369,1,Grassland
lpi,12.820518412036035,1,Forest
lpi,38.49146232711157,1,Agriculture
lpi,2.5925504603580505,1,Urban
lsi,194.0374812593703,1,Grassland
lsi,301.55165546427685,1,Forest
lsi,205.0859109378887,1,Agriculture
lsi,266.7737849779087,1,Urban
mesh,11934.359900287542,1,Grassland
mesh,11194.369961763863,1,Forest
mesh,108247.6786736267,1,Agriculture
mesh,454.13303073761966,1,Urban
ndca,28215,1,Grassland
ndca,48111,1,Forest
ndca,46824,1,Agriculture
ndca,15439,1,Urban
nlsi,0.05790282546324823,1,Grassland
nlsi,0.07484306442487187,1,Forest
nlsi,0.03922837040266035,1,Agriculture
nlsi,0.15668487967346825,1,Urban
np,10490,1,Grassland
np,45871,1,Forest
np,12308,1,Agriculture
np,15311,1,Urban
pafrac,1.4452780591554333,1,Grassland
pafrac,1.6120387317959854,1,Forest
pafrac,1.7096464728909684,1,Agriculture
pafrac,1.739758532751341,1,Urban
para_mn,0.22570561179598775,1,Grassland
para_mn,0.2535755570222701,1,Forest
para_mn,0.31212165405371245,1,Agriculture
para_mn,0.30976066867230667,1,Urban
pd,1.5776193534461704,1,Grassland
pd,6.89866323755284,1,Forest
pd,1.8510332699919416,1,Agriculture
pd,2.302662528180583,1,Urban
pladj,94.18146712106098,1,Grassland
pladj,92.49266113007502,1,Forest
pladj,96.5986001883778,1,Agriculture
pladj,84.28182433487791,1,Urban
pland,16.726100856468342,1,Grassland
pland,24.26633932393552,1,Forest
pland,54.67467112727385,1,Agriculture
pland,4.332888692322296,1,Urban
shape_mn,1.5876003383577943,1,Grassland
shape_mn,2.7251288009164494,1,Forest
shape_mn,3.489612855826792,1,Agriculture
shape_mn,3.281953318926961,1,Urban
split,55.71525624796848,1,Grassland
split,59.398244141578246,1,Forest
split,6.142634448585192,1,Agriculture
split,1464.1655087717418,1,Urban
tca,94963.23,1,Grassland
tca,135727.58,1,Forest
tca,331642.60000000003,1,Agriculture
tca,20295.62,1,Urban
te,25608320,1,Grassland
te,48172760,1,Forest
te,48977140,1,Agriculture
te,18105940,1,Urban
