sum,tipo,prod,esc
79060.3828125,Grassland,n_total_export,1
96460.6875,Forest,n_total_export,1
810008.9375,Agriculture,n_total_export,1
34305.44921875,Urban,n_total_export,1
152951.765625,Grassland,n_total_export,2
195204.96875,Forest,n_total_export,2
512149.0625,Agriculture,n_total_export,2
41619.125,Urban,n_total_export,2
68100.8671875,Grassland,n_total_export,3
95090.109375,Forest,n_total_export,3
887108.8125,Agriculture,n_total_export,3
31286.77734375,Urban,n_total_export,3
61776.90625,Grassland,n_total_export,4
106150.8203125,Forest,n_total_export,4
879070.5625,Agriculture,n_total_export,4
17656.69921875,Urban,n_total_export,4
67828.0234375,Grassland,n_total_export,5
95047.59375,Forest,n_total_export,5
902594.375,Agriculture,n_total_export,5
21821.79296875,Urban,n_total_export,5
80195.671875,Grassland,n_total_export,6
95794.390625,Forest,n_total_export,6
812319.875,Agriculture,n_total_export,6
25788.978515625,Urban,n_total_export,6
83582.3515625,Grassland,n_total_export,7
94779.84375,Forest,n_total_export,7
784614.25,Agriculture,n_total_export,7
28260.095703125,Urban,n_total_export,7
65401.0546875,Grassland,n_total_export,8
92646.265625,Forest,n_total_export,8
895712.1875,Agriculture,n_total_export,8
24084.892578125,Urban,n_total_export,8
66977.7421875,Grassland,n_total_export,9
90160.609375,Forest,n_total_export,9
876824.1875,Agriculture,n_total_export,9
22194.791015625,Urban,n_total_export,9
82573.046875,Grassland,n_total_export,10
97870.2265625,Forest,n_total_export,10
690151.5625,Agriculture,n_total_export,10
31330.08984375,Urban,n_total_export,10
1005960.3125,Grassland,ndr_n,1
1094015.5,Forest,ndr_n,1
5703251.5,Agriculture,ndr_n,1
729680.8125,Urban,ndr_n,1
1456482.625,Grassland,ndr_n,2
1898320.25,Forest,ndr_n,2
3962556.5,Agriculture,ndr_n,2
528406.75,Urban,ndr_n,2
893575.75,Grassland,ndr_n,3
978221.3125,Forest,ndr_n,3
6501800.5,Agriculture,ndr_n,3
692590.1875,Urban,ndr_n,3
850332.4375,Grassland,ndr_n,4
1180676.375,Forest,ndr_n,4
6036944,Agriculture,ndr_n,4
439624.75,Urban,ndr_n,4
907755.5625,Grassland,ndr_n,5
978224.9375,Forest,ndr_n,5
6514282,Agriculture,ndr_n,5
513185.3125,Urban,ndr_n,5
1027518.9375,Grassland,ndr_n,6
992960.8125,Forest,ndr_n,6
6039143,Agriculture,ndr_n,6
510536.4375,Urban,ndr_n,6
1085439,Grassland,ndr_n,7
965109.5625,Forest,ndr_n,7
5758278.5,Agriculture,ndr_n,7
654314.25,Urban,ndr_n,7
779227.6875,Grassland,ndr_n,8
1057574.75,Forest,ndr_n,8
6508179,Agriculture,ndr_n,8
457222.15625,Urban,ndr_n,8
796417.6875,Grassland,ndr_n,9
1027526.625,Forest,ndr_n,9
6373876.5,Agriculture,ndr_n,9
422994.71875,Urban,ndr_n,9
1072502.5,Grassland,ndr_n,10
985113.875,Forest,ndr_n,10
5123048,Agriculture,ndr_n,10
665101.875,Urban,ndr_n,10
1006296.125,Grassland,ndr_p,1
1094241.5,Forest,ndr_p,1
5703495,Agriculture,ndr_p,1
746579.1875,Urban,ndr_p,1
1459981.125,Grassland,ndr_p,2
1902187.125,Forest,ndr_p,2
3963614.5,Agriculture,ndr_p,2
534577.25,Urban,ndr_p,2
893867.4375,Grassland,ndr_p,3
978438.5625,Forest,ndr_p,3
6502015.5,Agriculture,ndr_p,3
708682.1875,Urban,ndr_p,3
850604,Grassland,ndr_p,4
1180804.875,Forest,ndr_p,4
6037090.5,Agriculture,ndr_p,4
449104.09375,Urban,ndr_p,4
908041.875,Grassland,ndr_p,5
978373.3125,Forest,ndr_p,5
6514475.5,Agriculture,ndr_p,5
524205.46875,Urban,ndr_p,5
1027825,Grassland,ndr_p,6
993116.0625,Forest,ndr_p,6
6039314.5,Agriculture,ndr_p,6
521652.9375,Urban,ndr_p,6
1085789.625,Grassland,ndr_p,7
965338.1875,Forest,ndr_p,7
5758531.5,Agriculture,ndr_p,7
668943.6875,Urban,ndr_p,7
779473.25,Grassland,ndr_p,8
1057723,Forest,ndr_p,8
6508347.5,Agriculture,ndr_p,8
467176.125,Urban,ndr_p,8
796688.75,Grassland,ndr_p,9
1027670.1875,Forest,ndr_p,9
6374050.5,Agriculture,ndr_p,9
431141.46875,Urban,ndr_p,9
1072865.375,Grassland,ndr_p,10
985408.125,Forest,ndr_p,10
5123456.5,Agriculture,ndr_p,10
678629.9375,Urban,ndr_p,10
1669.3887939453125,Grassland,p_surface_export,1
10334.6337890625,Forest,p_surface_export,1
144380.21875,Agriculture,p_surface_export,1
15591.9189453125,Urban,p_surface_export,1
25740.45703125,Grassland,p_surface_export,2
27767.677734375,Forest,p_surface_export,2
85732.9609375,Agriculture,p_surface_export,2
9938.427734375,Urban,p_surface_export,2
1324.441650390625,Grassland,p_surface_export,3
10120.94921875,Forest,p_surface_export,3
158193,Agriculture,p_surface_export,3
14430.30859375,Urban,p_surface_export,3
1199.7686767578125,Grassland,p_surface_export,4
11253.2216796875,Forest,p_surface_export,4
156757.484375,Agriculture,p_surface_export,4
7982.40380859375,Urban,p_surface_export,4
1270.603759765625,Grassland,p_surface_export,5
10127.98828125,Forest,p_surface_export,5
160961.421875,Agriculture,p_surface_export,5
9927.46484375,Urban,p_surface_export,5
1489.976318359375,Grassland,p_surface_export,6
10166.080078125,Forest,p_surface_export,6
144845.875,Agriculture,p_surface_export,6
11772.41015625,Urban,p_surface_export,6
1551.8480224609375,Grassland,p_surface_export,7
10086.349609375,Forest,p_surface_export,7
139907.859375,Agriculture,p_surface_export,7
12851.16015625,Urban,p_surface_export,7
1241.593994140625,Grassland,p_surface_export,8
9931.1259765625,Forest,p_surface_export,8
159711.046875,Agriculture,p_surface_export,8
11002.6611328125,Urban,p_surface_export,8
1314.281494140625,Grassland,p_surface_export,9
9710.7919921875,Forest,p_surface_export,9
156322.84375,Agriculture,p_surface_export,9
9988.919921875,Urban,p_surface_export,9
1551.8853759765625,Grassland,p_surface_export,10
10638.4814453125,Forest,p_surface_export,10
123013.6953125,Agriculture,p_surface_export,10
13975.466796875,Urban,p_surface_export,10
